DATE,city,state,TEMP,DEWP,SLP,STP,VISIB,WDSP,MXSPD,GUST,PRCP
1/1/2016,NEW YORK,NY,40.4,24.3,1017.1,12.2,10,6.5,12,22.9,0.03
1/2/2016,NEW YORK,NY,35.8,17.7,1016.9,12,10,6,12,18.1,0
1/3/2016,NEW YORK,NY,38.4,20,1011.7,6.7,10,6.4,9.9,21,0
1/4/2016,NEW YORK,NY,30.8,12.5,1015.2,10.2,10,7,11.1,22,0
1/5/2016,NEW YORK,NY,18.4,-2.3,1032.7,27.5,10,6.2,12,22,0
1/6/2016,NEW YORK,NY,31.2,2.8,1034.2,29,10,2.4,7,999.9,0
1/7/2016,NEW YORK,NY,37.9,8.7,1027.2,21.9,10,2.9,8,999.9,0
1/8/2016,NEW YORK,NY,40.2,25.5,1022.4,17.4,10,4.3,8.9,999.9,0
1/9/2016,NEW YORK,NY,43.3,35.7,1021.7,16.6,9.3,7.4,11.1,18.1,0
1/10/2016,NEW YORK,NY,50.4,45.9,1004.8,1.5,5.3,8.2,15.9,26,0.77
1/11/2016,NEW YORK,NY,35.2,13.1,1008.8,3.9,10,9.4,13,28,1.03
1/12/2016,NEW YORK,NY,32.2,11.5,1013.5,7.3,10,4.6,9.9,24.1,0
1/13/2016,NEW YORK,NY,27.1,7.8,1011.6,8,10,9.4,18.1,29.9,0
1/14/2016,NEW YORK,NY,27.9,8.6,1014.2,9.2,10,5.1,8.9,17.1,0
1/15/2016,NEW YORK,NY,41.2,27.5,1012,7.1,9.5,3.8,8,15,0
1/16/2016,NEW YORK,NY,46,37.3,999.9,994.6,8.6,5.5,11.1,19,0.21
1/17/2016,NEW YORK,NY,37.3,23.1,1009.2,3.9,8.6,5.8,9.9,15.9,0.03
1/18/2016,NEW YORK,NY,27.1,11.4,1008.4,2.9,8.9,7.5,15.9,28.9,0.05
1/19/2016,NEW YORK,NY,21.1,1.5,1015.7,10.6,10,10.4,17.1,28,0
1/20/2016,NEW YORK,NY,30.7,13.1,1020.5,15.5,10,5.6,11.1,21,0
1/21/2016,NEW YORK,NY,30.9,12.5,1019.7,14.7,10,5,8.9,19,0
1/22/2016,NEW YORK,NY,25.9,5.1,1023.7,18.7,10,5.3,12,17.1,0
1/23/2016,NEW YORK,NY,26.2,19.2,1011.1,5.3,1.7,12.8,20,36.9,0.5
1/24/2016,NEW YORK,NY,26.7,11.6,1012.1,6.2,7.4,6.3,17.1,26,1.82
1/25/2016,NEW YORK,NY,32.7,16.2,1022.9,17.8,9.6,2.9,6,999.9,0
1/26/2016,NEW YORK,NY,41.4,26.9,1018.9,14,9.8,5.1,8.9,25.1,0
1/27/2016,NEW YORK,NY,43.9,24.7,1015.7,10.8,9.9,6.2,9.9,22,0
1/28/2016,NEW YORK,NY,37,19.3,1015.4,10.5,10,4.1,12,15.9,0
1/29/2016,NEW YORK,NY,38.3,21.7,1001,996.2,9.5,5.5,12,22.9,0
1/30/2016,NEW YORK,NY,32.8,15.8,1014.6,9.6,10,6,11.1,22,0
1/31/2016,NEW YORK,NY,42.6,24.5,1013.7,8.7,10,5.6,11.1,22,0
2/1/2016,NEW YORK,NY,52.1,35.4,1009.2,4.3,9.8,5,7,18.1,0
2/2/2016,NEW YORK,NY,44.5,24.1,1023,18.1,10,3.4,7,999.9,0.01
2/3/2016,NEW YORK,NY,48.8,40.3,1022.7,16,7.7,4.7,9.9,22,0
2/4/2016,NEW YORK,NY,54.7,44.9,1014.2,8.7,9.1,5,13,22,0.73
2/5/2016,NEW YORK,NY,37.4,26.2,1019.2,14.1,6.1,7.4,13,25.1,0.38
2/6/2016,NEW YORK,NY,34.6,16.7,1027.5,22.5,10,5,9.9,19,0.15
2/7/2016,NEW YORK,NY,39.1,20.8,1021.5,16.5,10,4,8.9,17.1,0
2/8/2016,NEW YORK,NY,36,24.2,1009.5,4.3,8.8,9.5,14,22.9,0
2/9/2016,NEW YORK,NY,30.4,21.8,1004.4,999.6,9.4,4.7,8.9,999.9,0.05
2/10/2016,NEW YORK,NY,34.8,24.2,1003.1,997.9,7.5,3.8,8.9,20,0.01
2/11/2016,NEW YORK,NY,26.1,4.3,1010.9,5.8,9.5,8,13,28.9,0
2/12/2016,NEW YORK,NY,20.4,-1.8,1021.3,16.2,10,6.6,12,25.1,0
2/13/2016,NEW YORK,NY,19.3,-0.7,1015.8,10.8,10,9.4,18.1,31.1,0
2/14/2016,NEW YORK,NY,6.9,-16.1,1030.3,25.1,10,7.6,14,31.1,0
2/15/2016,NEW YORK,NY,19.1,2,1033.3,26.8,8.1,3.7,8.9,999.9,0
2/16/2016,NEW YORK,NY,45,41.2,1010.7,6.2,4.1,6.5,15,35,0.46
2/17/2016,NEW YORK,NY,39.1,26.7,1013,6.8,10,6.7,9.9,18.1,0.99
2/18/2016,NEW YORK,NY,32.5,11.5,1027,21.9,10,5.9,9.9,18.1,0
2/19/2016,NEW YORK,NY,30.1,8.3,1032.9,27.8,10,5.2,9.9,17.1,0
2/20/2016,NEW YORK,NY,47.7,29.1,1015.3,11,10,6,9.9,21,0
2/21/2016,NEW YORK,NY,52.8,31.8,1011.7,6.8,10,4.3,8.9,20,0
2/22/2016,NEW YORK,NY,45.3,26.8,1017.9,12.9,10,4.5,8.9,15.9,0.03
2/23/2016,NEW YORK,NY,38,26.6,1024.7,19.9,8.4,10.9,19,29.9,0
2/24/2016,NEW YORK,NY,40.7,38,1019.6,9.8,2.9,11,17.1,31.1,0.43
2/25/2016,NEW YORK,NY,52.6,44.7,992.1,988,8.5,6.9,12,32.1,1.11
2/26/2016,NEW YORK,NY,35.5,14.9,1007.5,1.4,10,8.3,13,28.9,0.02
2/27/2016,NEW YORK,NY,31.9,9.8,1018.3,13.3,10,5.2,11.1,19,0
2/28/2016,NEW YORK,NY,46,21.8,1013.4,8.5,10,6.4,8.9,20,0
2/29/2016,NEW YORK,NY,52.8,31.5,1005,0.2,9.7,7.1,12,20,0
3/1/2016,NEW YORK,NY,45.6,23.4,1017,12,10,6.5,9.9,21,0.05
3/2/2016,NEW YORK,NY,45.8,28.7,1005.2,0.1,9.1,8.9,14,29.9,0.14
3/3/2016,NEW YORK,NY,30.3,5.8,1021.7,16.7,10,5.8,11.1,20,0
3/4/2016,NEW YORK,NY,33.4,21.2,1019.5,14.8,6.5,6.2,11.1,19,0.07
3/5/2016,NEW YORK,NY,33.8,12.4,1020.7,15.6,10,5.1,8.9,17.1,0.04
3/6/2016,NEW YORK,NY,37.3,14.5,1024.1,19,10,2.7,7,999.9,0
3/7/2016,NEW YORK,NY,45.2,27,1022.2,17.3,9,6.1,13,26,0
3/8/2016,NEW YORK,NY,55.1,34.3,1019.3,14.4,9.2,3.3,9.9,15.9,0
3/9/2016,NEW YORK,NY,57.2,39.4,1019,14.2,6.6,1.8,5.1,999.9,0
3/10/2016,NEW YORK,NY,70.5,43.2,1014.8,10,9.9,4.4,8,15,0
3/11/2016,NEW YORK,NY,61.6,44.3,1017,12.1,9.7,5.3,8.9,17.1,0.06
3/12/2016,NEW YORK,NY,50.1,29.6,1024.8,19.9,10,4.4,8,999.9,0
3/13/2016,NEW YORK,NY,56.7,33.1,1016.7,11.9,10,3.7,8,19,0
3/14/2016,NEW YORK,NY,46.3,34.7,1018.6,13.7,7.7,9.6,20,31.1,0.02
3/15/2016,NEW YORK,NY,48,41.5,1009.9,5,8.3,7.7,17.1,31.1,0.27
3/16/2016,NEW YORK,NY,54.5,43,1009.7,4.8,9.6,2.6,7,999.9,0
3/17/2016,NEW YORK,NY,52,38.3,1010,5.3,9.8,4.4,8.9,22,0.02
3/18/2016,NEW YORK,NY,52,26.2,1009.2,4.3,10,7.1,17.1,35,0
3/19/2016,NEW YORK,NY,42.3,16.3,1017.6,12.7,10,4.1,8,15,0
3/20/2016,NEW YORK,NY,37.8,13.4,1019.3,14.4,10,8.8,14,21,0
3/21/2016,NEW YORK,NY,38.6,22.4,1009.7,6.2,6.7,6.4,14,27,0.13
3/22/2016,NEW YORK,NY,43.2,17.8,1018.6,13.7,10,6.6,15.9,28.9,0.06
3/23/2016,NEW YORK,NY,57,30,1014.3,9.5,10,5.9,9.9,22,0
3/24/2016,NEW YORK,NY,49.8,35.5,1017.2,12.4,9.8,8,14,22.9,0
3/25/2016,NEW YORK,NY,57.7,47.3,1008,3,7.2,3.2,7,14,0
3/26/2016,NEW YORK,NY,46.3,30.2,1023.1,18.1,10,5.8,11.1,17.1,0.04
3/27/2016,NEW YORK,NY,45.7,34.5,1027.8,23,10,4.2,8,999.9,0
3/28/2016,NEW YORK,NY,47.2,38.4,1010.5,4.7,6.7,6.7,12,29.9,0.14
3/29/2016,NEW YORK,NY,48.5,21.2,1010.8,5.9,10,11.5,22,35.9,0.24
3/30/2016,NEW YORK,NY,44.5,15.4,1025.3,20.3,10,4.9,13,22,0
3/31/2016,NEW YORK,NY,58.4,39,1016.1,11.3,10,6.1,11.1,22,0
4/1/2016,NEW YORK,NY,67.3,56.1,1003.5,998.9,9.7,4.8,9.9,18.1,0.01
4/2/2016,NEW YORK,NY,55.4,43.4,1000.4,995.7,9.4,3.3,8,14,0.01
4/3/2016,NEW YORK,NY,41,21.1,1004.7,997.2,10,10.4,21,39,0.25
4/4/2016,NEW YORK,NY,39.7,26.8,1013.3,7.9,7.3,4.8,11.1,20,0.01
4/5/2016,NEW YORK,NY,33,11.4,1023.7,17.6,10,7.9,13,24.1,0.46
4/6/2016,NEW YORK,NY,37.9,11.3,1026.2,21.1,10,4.9,14,24.1,0
4/7/2016,NEW YORK,NY,52.4,43.2,1006.9,0.5,9.3,5.8,11.1,22.9,0
4/8/2016,NEW YORK,NY,47.3,29,1001.2,996.3,10,6.7,11.1,25.1,0.09
4/9/2016,NEW YORK,NY,40,24.6,1007.8,2.8,9.1,4.9,8.9,15.9,0.01
4/10/2016,NEW YORK,NY,39.6,16.5,1022.4,17.4,10,4.4,8,17.1,0.11
4/11/2016,NEW YORK,NY,50.9,32.5,1022.2,17.2,9.3,5.6,9.9,18.1,0
4/12/2016,NEW YORK,NY,54,40.6,1016.3,11.3,9.1,5.3,8.9,22,0.04
4/13/2016,NEW YORK,NY,47.7,24.1,1027.6,22.6,10,4.1,12,18.1,0.17
4/14/2016,NEW YORK,NY,50.5,27.2,1026.9,21.9,10,4.9,9.9,17.1,0
4/15/2016,NEW YORK,NY,51.7,27.9,1029.5,24.5,10,3.5,9.9,15,0
4/16/2016,NEW YORK,NY,53.2,25.6,1030,25,10,4.5,9.9,17.1,0
4/17/2016,NEW YORK,NY,56.1,30.7,1029.3,24.4,10,2.3,8,999.9,0
4/18/2016,NEW YORK,NY,63.8,31,1022.7,17.8,10,2.8,8.9,999.9,0
4/19/2016,NEW YORK,NY,66.3,31.5,1016,11.2,10,6.4,12,24.1,0
4/20/2016,NEW YORK,NY,58.5,19.9,1022.6,17.8,10,5.8,11.1,15.9,0
4/21/2016,NEW YORK,NY,59.5,32.1,1020.1,15.3,10,4.8,13,18.1,0
4/22/2016,NEW YORK,NY,70.3,51.1,1012.6,7.8,9.7,3.6,7,999.9,0
4/23/2016,NEW YORK,NY,65.6,52,1009.7,4.7,8.2,5.6,12,19,0.15
4/24/2016,NEW YORK,NY,56.2,23.4,1016.4,11.5,10,6.2,9.9,22,0.01
4/25/2016,NEW YORK,NY,58,38.5,1015.5,10.7,10,3.6,7,999.9,0
4/26/2016,NEW YORK,NY,54.9,47.3,1007.7,2.8,6.8,5.2,8.9,15.9,0.17
4/27/2016,NEW YORK,NY,51.3,39.2,1012.4,7.3,9.8,4.3,8.9,15.9,0.07
4/28/2016,NEW YORK,NY,52.6,31.6,1015.6,10.8,9.9,4.8,9.9,15,0
4/29/2016,NEW YORK,NY,51.4,33.3,1018.5,13.6,10,4.3,8.9,15,0
4/30/2016,NEW YORK,NY,52.7,35.7,1022.1,17.2,9.9,4.9,8,999.9,0.05
5/1/2016,NEW YORK,NY,49,39.1,1022.7,17.2,7.9,4,9.9,15.9,0
5/2/2016,NEW YORK,NY,50.1,45.5,1016,10.7,5,2.2,8,999.9,0.16
5/3/2016,NEW YORK,NY,53.3,50.1,1011.3,6.5,5.2,5.1,8.9,15,0.59
5/4/2016,NEW YORK,NY,50.4,45.7,1008.9,3.8,7.7,6.3,12,21,0.07
5/5/2016,NEW YORK,NY,50.9,42,1005.6,0.6,9.5,7.5,11.1,18.1,0.01
5/6/2016,NEW YORK,NY,50.7,45.1,1005.9,1,7.8,7.8,15,24.1,0.24
5/7/2016,NEW YORK,NY,52.2,46.6,1008.9,3.7,7.5,4.8,8,15,0.3
5/8/2016,NEW YORK,NY,55.6,42.3,1006.2,0.8,8.1,3.7,14,27,0.11
5/9/2016,NEW YORK,NY,61.8,33.5,1014.3,9.5,10,3.5,8.9,20,0.05
5/10/2016,NEW YORK,NY,57.6,28.8,1022.1,17.2,10,4.5,11.1,20,0
5/11/2016,NEW YORK,NY,62.4,38.7,1021.1,16.3,10,2.8,7,999.9,0
5/12/2016,NEW YORK,NY,66.5,41,1019.4,14.6,10,2.5,8,999.9,0
5/13/2016,NEW YORK,NY,61,54.4,9999.9,12.1,10,999.9,999.9,999.9,0
5/14/2016,NEW YORK,NY,63.5,54.2,9999.9,999.9,999.9,999.9,999.9,999.9,0.25
5/15/2016,NEW YORK,NY,54.6,36.7,9999.9,999.9,999.9,999.9,999.9,999.9,0
5/16/2016,NEW YORK,NY,52.5,27.1,9999.9,999.9,999.9,999.9,999.9,999.9,0
5/17/2016,NEW YORK,NY,59.1,37.6,9999.9,15.5,9.9,3.5,5.1,999.9,0
5/18/2016,NEW YORK,NY,57.8,40.5,9999.9,999.9,999.9,999.9,999.9,999.9,0
5/19/2016,NEW YORK,NY,60.3,41.2,1018.7,14,10,1.2,7,999.9,0
5/20/2016,NEW YORK,NY,63.4,39.4,1022.4,17.5,10,3.1,8,999.9,0
5/21/2016,NEW YORK,NY,61.7,41.2,1019.7,14.9,9.8,3.1,8,999.9,0
5/22/2016,NEW YORK,NY,59.7,48,1010.4,5.6,9.7,3.7,8.9,999.9,0.13
5/23/2016,NEW YORK,NY,64.4,50.6,1012.2,7.4,9.2,1.9,6,999.9,0.09
5/24/2016,NEW YORK,NY,63.9,52.2,1012.7,7.9,7.9,2.3,6,999.9,0.17
5/25/2016,NEW YORK,NY,73.2,47.5,1016.7,11.9,9,3,6,999.9,0.03
5/26/2016,NEW YORK,NY,79.3,48.3,1018,13.3,8.3,3.3,6,999.9,0
5/27/2016,NEW YORK,NY,78.1,58.6,1017.3,12.5,7.5,3.1,8,15.9,0
5/28/2016,NEW YORK,NY,79.6,62.6,1018.7,13.9,7.7,4.4,7,15,0
5/29/2016,NEW YORK,NY,77.9,59.2,1019.6,14.8,9,4.2,8,19,0
5/30/2016,NEW YORK,NY,73,66.6,1015.6,10.7,7.2,2.6,6,999.9,1.65
5/31/2016,NEW YORK,NY,76,64.1,1013.8,9.1,8.6,3.6,6,999.9,0
6/1/2016,NEW YORK,NY,75.3,54.4,1017.5,12.7,8.3,4.6,8.9,999.9,0
6/2/2016,NEW YORK,NY,68.4,55.9,1020.2,15.4,7.8,4.4,7,999.9,0
6/3/2016,NEW YORK,NY,65.4,59.5,1018.1,13.4,5.9,1.5,7,999.9,0.01
6/4/2016,NEW YORK,NY,72.4,63.1,1015.5,10.7,6.4,2.1,7,999.9,0.03
6/5/2016,NEW YORK,NY,67.5,63.9,1009.7,5.2,5.4,3.5,13,33,0.4
6/6/2016,NEW YORK,NY,72.6,60.1,1004.3,999.6,7.5,4.5,8.9,15,0.91
6/7/2016,NEW YORK,NY,76.4,56,1000.6,995.9,8.7,4.4,8.9,15.9,0
6/8/2016,NEW YORK,NY,61.8,47.6,1002.8,998.2,8.7,6.2,11.1,22.9,0
6/9/2016,NEW YORK,NY,61.7,38.9,1009.3,4.6,9.7,8,14,26,0.45
6/10/2016,NEW YORK,NY,66.2,36.4,1014.5,9.7,10,5.7,9.9,20,0
6/11/2016,NEW YORK,NY,72.1,50.9,1013.2,8.4,9.6,2.5,8.9,18.1,0
6/12/2016,NEW YORK,NY,79.4,55.5,1004.5,999.8,9.7,5.6,9.9,21,0
6/13/2016,NEW YORK,NY,64.9,45.7,1009.7,4.9,10,7.1,9.9,26,0
6/14/2016,NEW YORK,NY,68,45,1012.2,7.4,10,4.1,7,999.9,0
6/15/2016,NEW YORK,NY,73.2,46.9,1013.6,8.8,10,2.2,5.1,999.9,0
6/16/2016,NEW YORK,NY,70.6,60.8,1008.8,4.1,7.2,1.5,5.1,999.9,0.2
6/17/2016,NEW YORK,NY,70.2,55.1,1012,7.1,9.1,3.5,11.1,999.9,0.02
6/18/2016,NEW YORK,NY,71.3,49.5,1021.9,17,9.8,2.8,5.1,999.9,0
6/19/2016,NEW YORK,NY,74.2,54.4,1025.2,20.4,9.4,2,7,17.1,0
6/20/2016,NEW YORK,NY,72.8,60.5,1020.9,16.1,8.9,2.9,8,999.9,0
6/21/2016,NEW YORK,NY,79.2,57.7,1009.5,4.8,9.4,4.3,8.9,17.1,0
6/22/2016,NEW YORK,NY,77.2,48.6,1009.4,4.7,9.8,4.1,11.1,22,0
6/23/2016,NEW YORK,NY,75.2,54.7,1011.3,6.6,9,1.5,5.1,999.9,0
6/24/2016,NEW YORK,NY,74.6,57.1,1015.2,10.4,8.8,4.8,12,17.1,0
6/25/2016,NEW YORK,NY,73.1,56.1,1021.1,16.3,9.2,3.7,7,999.9,0
6/26/2016,NEW YORK,NY,74.7,55.5,1022.6,17.7,9,1.4,6,999.9,0
6/27/2016,NEW YORK,NY,74.3,57,1018.4,13.6,9.2,4.5,9.9,15.9,0
6/28/2016,NEW YORK,NY,71.1,67.5,1014.1,9.5,5.7,2.9,6,999.9,0.54
6/29/2016,NEW YORK,NY,73.9,63.4,1011.5,6.8,7.5,1.9,7,999.9,0.04
6/30/2016,NEW YORK,NY,75.7,56.2,1015.1,10.4,10,2.2,5.1,999.9,0.01
7/1/2016,NEW YORK,NY,74.5,64.1,1015.3,10,8.1,3.2,8,999.9,0
7/2/2016,NEW YORK,NY,70.3,56.4,1014.2,9,8.7,4.6,9.9,19,0.83
7/3/2016,NEW YORK,NY,72.1,52.2,1018.5,13.7,10,2.3,6,999.9,0
7/4/2016,NEW YORK,NY,74.1,58.2,1017.5,12.8,9.3,3.4,8.9,15,0
7/5/2016,NEW YORK,NY,75.4,67.9,1008.5,4.8,6.7,2.3,6,14,1.15
7/6/2016,NEW YORK,NY,83.3,66.1,1010.4,5.7,9.2,2.3,6,999.9,0.66
7/7/2016,NEW YORK,NY,82.7,70.6,1008.3,3.7,7.5,1.7,6,999.9,0
7/8/2016,NEW YORK,NY,79.2,70.1,1008.2,3.6,7.2,3.6,8.9,15,0.04
7/9/2016,NEW YORK,NY,69.1,62.9,1010.7,5.9,7.9,4.1,8,14,0.08
7/10/2016,NEW YORK,NY,71.5,63.8,1010.7,5.7,6.9,3.6,8.9,15.9,0.53
7/11/2016,NEW YORK,NY,72.8,58.1,1017.2,12.4,10,3.3,7,999.9,0
7/12/2016,NEW YORK,NY,74.1,62.1,1019.2,14.5,9.7,2.9,8,999.9,0
7/13/2016,NEW YORK,NY,76.2,65.9,1017.8,13.1,9.4,4.1,7,14,0
7/14/2016,NEW YORK,NY,78.7,72.1,1012.9,8.2,7.4,3,6,31.1,0
7/15/2016,NEW YORK,NY,83,69.8,1010.6,6,8.3,3.1,8,18.1,0.62
7/16/2016,NEW YORK,NY,81.6,65.1,1015.1,10.3,9,3.8,6,15.9,0
7/17/2016,NEW YORK,NY,81,65.8,1018.2,13.4,8.8,2.9,8,999.9,0
7/18/2016,NEW YORK,NY,81.9,65.6,1018.2,13.3,8.1,4.4,9.9,18.1,0
7/19/2016,NEW YORK,NY,77.7,59,1017.9,13.1,9.3,4.5,8.9,17.1,0.35
7/20/2016,NEW YORK,NY,76.5,52.6,1021.9,17.1,9.7,3.1,7,999.9,0
7/21/2016,NEW YORK,NY,78.3,61,1020.3,15.5,8.8,3.6,8,999.9,0
7/22/2016,NEW YORK,NY,82.8,67.2,1013.7,9,7.6,5.8,8.9,15.9,0
7/23/2016,NEW YORK,NY,87.2,62.9,1009.9,5.2,8.7,5,8,15.9,0
7/24/2016,NEW YORK,NY,84,60,1013.7,9,9.3,3,6,999.9,0
7/25/2016,NEW YORK,NY,82.3,69.2,1013.2,8.3,7.3,3.3,14,27,0
7/26/2016,NEW YORK,NY,78.9,68.1,1011.8,7.1,7.8,3.7,8,15,1
7/27/2016,NEW YORK,NY,82.6,61.4,1013.3,8.6,9.3,2.3,5.1,999.9,0
7/28/2016,NEW YORK,NY,83.2,66.8,1012.2,7.5,8.1,2.4,6,999.9,0
7/29/2016,NEW YORK,NY,76.1,68.5,1011,6.1,5.1,4,9.9,15,0.94
7/30/2016,NEW YORK,NY,77,69.4,1014.5,10.1,6,3,7,999.9,0.15
7/31/2016,NEW YORK,NY,74.9,71.3,1015.8,11.4,5.4,3.3,8.9,999.9,0.26
8/1/2016,NEW YORK,NY,72.8,67,1017.3,12.5,7.5,5.4,11.1,999.9,1.07
8/2/2016,NEW YORK,NY,73,62,1018.7,13.9,9.4,6.1,14,15.9,0
8/3/2016,NEW YORK,NY,71.5,58.9,1021,16.2,9.4,2.6,8,999.9,0
8/4/2016,NEW YORK,NY,72.9,60,1020.8,16,9.2,1.8,7,999.9,0
8/5/2016,NEW YORK,NY,74.5,61.3,1016.6,11.8,9.2,3.2,7,999.9,0
8/6/2016,NEW YORK,NY,78,67.7,1008.5,3.7,8.2,4.5,11.1,19,0
8/7/2016,NEW YORK,NY,79,58.7,1010.3,5.6,9.7,3.2,7,15.9,0.05
8/8/2016,NEW YORK,NY,78.6,58.1,1016.2,11.4,9.4,1.7,6,999.9,0
8/9/2016,NEW YORK,NY,78.2,61.5,1021.5,16.7,9.3,1.8,6,999.9,0
8/10/2016,NEW YORK,NY,79.7,72,1021.1,16.4,8.4,3.4,5.1,17.1,0.01
8/11/2016,NEW YORK,NY,84.3,73.3,1018,13.2,8,4.3,8.9,999.9,0.08
8/12/2016,NEW YORK,NY,82.4,73.5,1012.9,8.5,7.6,4,8,17.1,0.47
8/13/2016,NEW YORK,NY,86.9,74.8,1011.9,7.3,8.3,4.1,8,15,0.32
8/14/2016,NEW YORK,NY,87.8,71.5,1013.2,8.6,8.8,3.5,8,15,0
8/15/2016,NEW YORK,NY,82.6,69.1,1019.3,14.6,9.4,2.7,7,999.9,0.06
8/16/2016,NEW YORK,NY,82.5,72.4,1020.7,15.8,8.1,2.6,8,999.9,0
8/17/2016,NEW YORK,NY,80.8,68.8,1015.7,11,8.7,5.8,9.9,20,0.12
8/18/2016,NEW YORK,NY,78.8,65.1,1015.5,10.8,9.1,1.8,5.1,999.9,0.03
8/19/2016,NEW YORK,NY,80,66.7,1013.5,8.8,8.8,1.7,6,999.9,0
8/20/2016,NEW YORK,NY,76.7,69.1,1013.3,8.7,7.2,3.9,9.9,20,0.01
8/21/2016,NEW YORK,NY,78,70.2,1011,6.4,7.9,3,8,15.9,0.82
8/22/2016,NEW YORK,NY,73.7,60.4,1013.6,8.2,9.3,5.3,8,21,0.31
8/23/2016,NEW YORK,NY,71.2,50.4,1024.7,19.8,9.9,1.9,5.1,999.9,0
8/24/2016,NEW YORK,NY,76.9,58.6,1024.7,20,9.4,2.1,5.1,999.9,0
8/25/2016,NEW YORK,NY,77.8,64.2,9999.9,999.9,999.9,999.9,999.9,999.9,0
8/26/2016,NEW YORK,NY,82.4,68.3,9999.9,999.9,999.9,999.9,999.9,999.9,0.01
8/27/2016,NEW YORK,NY,80.2,59.2,9999.9,17,9.1,3.6,6,14,0
8/28/2016,NEW YORK,NY,78.5,61.9,1023.4,18.6,9.4,1.8,6,999.9,0
8/29/2016,NEW YORK,NY,80.6,62.4,1019.7,15,9.4,3.9,7,999.9,0
8/30/2016,NEW YORK,NY,77,58.7,1020,15.2,9.8,3.7,8.9,999.9,0
8/31/2016,NEW YORK,NY,78.9,66.3,1014.9,10.4,8.3,2.5,7,999.9,0
9/1/2016,NEW YORK,NY,73.9,67.8,1011,6.3,6.5,1.6,8,999.9,0.04
9/2/2016,NEW YORK,NY,72.6,56.7,1016.8,12,9.7,4.7,8.9,999.9,0.46
9/3/2016,NEW YORK,NY,71.2,56.8,1021,16.2,10,5.9,8.9,20,0
9/4/2016,NEW YORK,NY,70.8,54.2,1022.7,17.8,10,5.9,11.1,15,0
9/5/2016,NEW YORK,NY,72.8,52.1,1021.4,16.5,10,5.9,9.9,20,0
9/6/2016,NEW YORK,NY,76.7,59,1014.6,9.9,10,8.8,14,22,0
9/7/2016,NEW YORK,NY,76,65.7,1014.9,10.3,9.5,7,11.1,21,0
9/8/2016,NEW YORK,NY,78.2,68.1,1012.6,7.9,8.2,2,6,999.9,0
9/9/2016,NEW YORK,NY,85,69.2,1011.5,6.8,9,3.2,6,999.9,0
9/10/2016,NEW YORK,NY,81.1,72.9,1014.9,10.2,6.5,3.4,7,999.9,0.22
9/11/2016,NEW YORK,NY,79.4,62.9,1014.2,9.2,8.8,5.1,9.9,24.1,0
9/12/2016,NEW YORK,NY,69.5,49.6,1022.8,17.9,10,4.2,7,999.9,0
9/13/2016,NEW YORK,NY,70.8,58.1,1022.4,17.5,9.8,2.7,6,999.9,0
9/14/2016,NEW YORK,NY,75.7,60.4,1018.2,13.3,8.9,4.3,8.9,24.1,0
9/15/2016,NEW YORK,NY,68,49.4,1023.1,18.3,10,5,9.9,20,0.56
9/16/2016,NEW YORK,NY,66.2,52.8,1025.8,21,10,2.2,6,999.9,0
9/17/2016,NEW YORK,NY,67.1,56.2,1023.4,18.5,9.9,2.6,7,999.9,0
9/18/2016,NEW YORK,NY,74.3,66.4,1017.9,13.2,8.9,3.1,8,999.9,0
9/19/2016,NEW YORK,NY,72.7,69.2,1016.7,11.9,6.8,2.5,7,15.9,0.24
9/20/2016,NEW YORK,NY,72.9,66.4,1019,14.1,8.8,2.1,6,999.9,0.44
9/21/2016,NEW YORK,NY,75.3,58.7,1020.6,15.9,9.3,3,7,15,0
9/22/2016,NEW YORK,NY,74.2,51.3,1020.9,16.1,10,2.1,6,999.9,0
9/23/2016,NEW YORK,NY,74,54.7,1016.5,11.7,9.6,1.3,5.1,999.9,0
9/24/2016,NEW YORK,NY,65.8,52.5,1017.9,13.3,9.1,4.7,8.9,19,0.21
9/25/2016,NEW YORK,NY,61.3,39.7,1021.4,16.5,10,2.7,8.9,999.9,0.2
9/26/2016,NEW YORK,NY,63.1,44.4,1021,16.2,10,3.2,7,17.1,0
9/27/2016,NEW YORK,NY,68.1,58.4,1013.6,8.7,8.5,3.3,7,999.9,0.22
9/28/2016,NEW YORK,NY,64.4,57.8,1017.5,13.3,8,5.7,14,22.9,0
9/29/2016,NEW YORK,NY,60.6,53,1026.4,21.5,8.7,8.8,15,27,0
9/30/2016,NEW YORK,NY,58.6,52.6,1026.4,21.1,6.6,9,15.9,24.1,0
10/1/2016,NEW YORK,NY,58.4,54.3,1022.7,18,8.8,7,9.9,17.1,0.4
10/2/2016,NEW YORK,NY,59.6,55.2,1019.5,14.5,8.5,3.5,8.9,999.9,0
10/3/2016,NEW YORK,NY,64.6,57.1,1016.3,11.5,7.2,1.8,5.1,999.9,0
10/4/2016,NEW YORK,NY,64.5,54.7,1023.6,18.7,9.5,5.3,11.1,15.9,0
10/5/2016,NEW YORK,NY,60,47.8,1026.7,21.9,10,5.2,8,999.9,0
10/6/2016,NEW YORK,NY,62.1,52.1,1025.8,20.9,8.7,1.9,6,999.9,0
10/7/2016,NEW YORK,NY,63.4,53.2,1025.1,20.2,7.5,1.8,6,999.9,0
10/8/2016,NEW YORK,NY,63,58.5,1020.3,14.8,7.7,1.4,5.1,999.9,0
10/9/2016,NEW YORK,NY,58,52.8,1015.6,10.9,6.1,5.2,12,21,0.44
10/10/2016,NEW YORK,NY,54.3,34.1,1022,17.1,10,4.6,8,18.1,0.34
10/11/2016,NEW YORK,NY,53.4,38,1030.1,25.2,10,3.2,7,999.9,0
10/12/2016,NEW YORK,NY,57.9,48.8,1027.2,22.6,9.8,1.2,5.1,999.9,0
10/13/2016,NEW YORK,NY,60.1,54.1,1019.7,14.8,8.3,1.8,8,999.9,0
10/14/2016,NEW YORK,NY,54.4,38.1,1025.4,20.5,10,4.1,7,999.9,0
10/15/2016,NEW YORK,NY,54,39.7,1029,24.1,10,2.7,5.1,999.9,0
10/16/2016,NEW YORK,NY,59.6,50.2,1022.5,17.7,9.4,3.1,6,15,0
10/17/2016,NEW YORK,NY,69.4,58,1014.1,9.3,8.6,3.1,8.9,15.9,0
10/18/2016,NEW YORK,NY,73.1,60.8,1012.1,7.4,8.3,2.8,6,999.9,0
10/19/2016,NEW YORK,NY,74.8,60.2,1013.6,8.8,9.1,4.3,7,19,0
10/20/2016,NEW YORK,NY,66.6,53.7,1019.7,14.7,9.2,5.4,9.9,15,0
10/21/2016,NEW YORK,NY,67.5,64.5,1009.2,3.4,5.9,2.4,7,999.9,0
10/22/2016,NEW YORK,NY,53.4,47.9,997.6,992.5,7.7,7.7,15,27,1.32
10/23/2016,NEW YORK,NY,52.4,32.8,1008.2,3.4,10,7.8,13,31.1,0.08
10/24/2016,NEW YORK,NY,56.1,40.1,1012.3,7.4,10,5.3,11.1,22.9,0
10/25/2016,NEW YORK,NY,48.6,30.5,1022.2,17.2,10,5.2,8.9,25.1,0
10/26/2016,NEW YORK,NY,44.2,24.9,1028.8,23.8,10,4,8,15.9,0
10/27/2016,NEW YORK,NY,44.2,32.8,1029.5,23.1,7.6,4.6,8,14,0
10/28/2016,NEW YORK,NY,47.8,39.3,1019.3,13.6,7.9,6.7,14,29.9,1.41
10/29/2016,NEW YORK,NY,49.2,35.5,1019.4,14.5,10,3.2,7,15.9,0
10/30/2016,NEW YORK,NY,65.4,54,1011.6,6.7,8.7,4.4,11.1,32.1,0
10/31/2016,NEW YORK,NY,50.7,37.2,1020.4,14.3,9.8,4.3,9.9,20,0.56
11/1/2016,NEW YORK,NY,48.9,37.2,1027,22,10,2.9,6,999.9,0
11/2/2016,NEW YORK,NY,59.7,48.9,1023.8,18.9,9.6,3,6,999.9,0
11/3/2016,NEW YORK,NY,65.3,54.3,1014.9,10.1,7.8,3.8,8.9,21,0
11/4/2016,NEW YORK,NY,56.2,37.3,1018.4,13.6,10,4.3,7,999.9,0
11/5/2016,NEW YORK,NY,52,33.6,1022.7,17.8,10,3.1,7,999.9,0
11/6/2016,NEW YORK,NY,54.4,37.1,1021.9,17.1,10,5.7,12,20,0
11/7/2016,NEW YORK,NY,46.6,27.3,1029.9,24.9,10,5.5,9.9,18.1,0
11/8/2016,NEW YORK,NY,52,30.6,1022.1,17.2,10,1.9,6,999.9,0
11/9/2016,NEW YORK,NY,56.4,41,1011.3,6.3,7.7,2.4,6,999.9,0
11/10/2016,NEW YORK,NY,48.5,32.7,1014.1,9.2,10,4.8,8,15.9,0.06
11/11/2016,NEW YORK,NY,53.4,31.4,1007.3,2.4,10,7.6,15,29.9,0
11/12/2016,NEW YORK,NY,42.9,19.7,1023.5,18.5,10,4.5,8,999.9,0
11/13/2016,NEW YORK,NY,49,23.6,1020.1,15.1,10,4.4,8,999.9,0
11/14/2016,NEW YORK,NY,53.6,20.8,1017,12.1,10,4,8.9,17.1,0
11/15/2016,NEW YORK,NY,51.4,40,1013.2,7,6.8,4.7,14,25.1,0.18
11/16/2016,NEW YORK,NY,51.6,38.2,1007.7,2.8,9.8,4.1,7,14,1.63
11/17/2016,NEW YORK,NY,54.3,38.6,1014.3,9.4,9.8,3.8,8,15.9,0
11/18/2016,NEW YORK,NY,52.5,37.4,1018.9,14,10,2,6,999.9,0
11/19/2016,NEW YORK,NY,55.2,41.8,1013.2,8.4,9.9,3.3,8.9,999.9,0
11/20/2016,NEW YORK,NY,41.2,31.7,1001.2,996.4,8.5,7.9,15,29.9,0.56
11/21/2016,NEW YORK,NY,38.2,18.4,1003.8,998.9,9.8,10.9,15,33,0.31
11/22/2016,NEW YORK,NY,38.4,18.8,1014.8,9.9,10,9.5,19,34,0
11/23/2016,NEW YORK,NY,38.8,21.8,1024.1,19.1,10,5.5,9.9,20,0
11/24/2016,NEW YORK,NY,43.2,31.2,1024.8,19.8,10,3.9,7,999.9,0
11/25/2016,NEW YORK,NY,48.6,42.6,1023.2,18.2,7,2.1,6,999.9,0.03
11/26/2016,NEW YORK,NY,47.7,38.8,1019.5,14.5,8,3.4,8,999.9,0.02
11/27/2016,NEW YORK,NY,43.5,29.9,1018.8,13.9,10,4,8,15,0
11/28/2016,NEW YORK,NY,44.3,28.9,1021.1,16.1,9.9,3.3,6,999.9,0
11/29/2016,NEW YORK,NY,54.2,47.7,1018.6,11.6,6.4,3.8,8.9,22,0
11/30/2016,NEW YORK,NY,55.8,53,1012.4,6.9,5.6,4,8.9,15.9,2.2
12/1/2016,NEW YORK,NY,51.4,42.6,1004.1,998.1,7.5,7.3,14,28.9,0.8
12/2/2016,NEW YORK,NY,44.7,27.4,1011.3,6.4,10,7.4,11.1,22,0.07
12/3/2016,NEW YORK,NY,44.3,26.5,1015.4,10.5,10,7.6,12,22.9,0
12/4/2016,NEW YORK,NY,42.2,22.7,1022.1,17.1,10,5.1,11.1,17.1,0
12/5/2016,NEW YORK,NY,42.8,31.6,1017.4,12.3,8.6,5.2,8.9,15.9,0.17
12/6/2016,NEW YORK,NY,42.7,29.8,1018.3,13.4,10,3.5,8,999.9,0.02
12/7/2016,NEW YORK,NY,41.3,36.9,1014.2,9,6.7,4.7,11.1,19,0.44
12/8/2016,NEW YORK,NY,42.2,30.8,1015.8,10.9,9.9,3.3,5.1,999.9,0.09
12/9/2016,NEW YORK,NY,36,11.9,1021.7,16.8,10,8.7,8.9,22,0
12/10/2016,NEW YORK,NY,31.5,15.4,1027.3,22.2,10,6.1,9.9,20,0
12/11/2016,NEW YORK,NY,30.8,16.9,1032.1,26.8,9.2,3.3,6,999.9,0
12/12/2016,NEW YORK,NY,38.8,34.9,1016.1,11.1,6.3,4.6,9.9,15.9,0.46
12/13/2016,NEW YORK,NY,39.6,24.8,1018.8,13.9,10,4.1,7,15.9,0.07
12/14/2016,NEW YORK,NY,39.4,22.8,1015.3,10.5,9.6,4.3,9.9,18.1,0
12/15/2016,NEW YORK,NY,27.7,2,1012.5,7.6,9.8,8.7,14,34,0
12/16/2016,NEW YORK,NY,20.7,2.8,1026.7,21.5,10,5.9,9.9,21,0
12/17/2016,NEW YORK,NY,29.9,22.2,1021.5,15,5.6,3.7,13,19,0.18
12/18/2016,NEW YORK,NY,45.5,41.8,1012.5,6.6,6.1,5.2,15.9,27,0.57
12/19/2016,NEW YORK,NY,28.4,8.7,1036.2,31.1,10,6.8,11.1,21,0.02
12/20/2016,NEW YORK,NY,25.8,7.3,1034.2,29.1,10,2.6,7,999.9,0
12/21/2016,NEW YORK,NY,34.3,16.3,1021.5,16.5,10,3.2,8.9,17.1,0
12/22/2016,NEW YORK,NY,41.6,22.7,1017.6,12.7,10,4.5,12,21,0
12/23/2016,NEW YORK,NY,41.8,24.2,1026.6,21.5,10,5.9,8.9,17.1,0
12/24/2016,NEW YORK,NY,42.1,32.2,1024.6,18.7,7.9,4.9,9.9,19,0.02
12/25/2016,NEW YORK,NY,43.9,30.6,1029.1,23.9,10,4.9,8.9,17.1,0.45
12/26/2016,NEW YORK,NY,37.5,26,1037.7,32,9.2,5.9,9.9,15.9,0
12/27/2016,NEW YORK,NY,54.7,45.1,1013.2,8.4,9.7,6.5,9.9,28.9,0.02
12/28/2016,NEW YORK,NY,39.7,24.4,1017.2,12.2,10,5.2,8,17.1,0
12/29/2016,NEW YORK,NY,38.9,29.4,1012.9,6.6,8,3.4,11.1,18.1,0
12/30/2016,NEW YORK,NY,37.3,25.2,1002.8,998.2,9.9,7.6,12,25.1,0.39
12/31/2016,NEW YORK,NY,36.4,19.7,1016.8,11.8,10,6.4,9.9,20,0.01
1/1/2017,NEW YORK,NY,44.8,22.9,1017.9,13,10,5,9.9,21,0
1/2/2017,NEW YORK,NY,39.3,28.9,1030.7,25.5,8.5,6.7,11.1,17.1,0
1/3/2017,NEW YORK,NY,40.1,39.3,1018.4,11.1,3.8,11.2,15.9,26,0.3
1/4/2017,NEW YORK,NY,44.6,37.3,998.8,993.7,7.9,6.1,15,27,0.49
1/5/2017,NEW YORK,NY,31.4,9.3,1011,6,10,7,11.1,26,0
1/6/2017,NEW YORK,NY,30.2,16,1016.5,11.3,8,4.4,8,15,0.04
1/7/2017,NEW YORK,NY,23,11.3,1024.1,18.7,5.7,6.2,9.9,18.1,0.01
1/8/2017,NEW YORK,NY,20.1,7.2,1024.8,18.7,7.9,7.5,13,21,0.32
1/9/2017,NEW YORK,NY,18.6,3.1,1037.9,32.7,10,4.6,8,17.1,0
1/10/2017,NEW YORK,NY,27.7,15.3,1035.5,30.3,10,4,8,14,0
1/11/2017,NEW YORK,NY,45.8,37.8,1024.9,19.7,9.5,5.3,12,20,0.26
1/12/2017,NEW YORK,NY,55.6,48.4,1018.8,14.1,8.9,6.3,8.9,21,0.31
1/13/2017,NEW YORK,NY,51.4,35.8,1025.7,20.8,10,6.4,11.1,22,0.05
1/14/2017,NEW YORK,NY,31.1,16.4,1038.1,31.7,8.4,4.1,8,15,0
1/15/2017,NEW YORK,NY,33,23.8,1027,22,8.5,3.7,8,999.9,0.12
1/16/2017,NEW YORK,NY,35,20,1029.7,24.6,10,3.1,7,999.9,0
1/17/2017,NEW YORK,NY,40,30.4,1024.1,17.9,6.6,3.8,9.9,17.1,0
1/18/2017,NEW YORK,NY,39.2,37.7,1013.7,9.2,6.2,6.3,9.9,15,0.41
1/19/2017,NEW YORK,NY,42.1,35,1016.5,11.6,10,3,8,999.9,0.06
1/20/2017,NEW YORK,NY,41.9,33,1016.1,10.6,9.3,4,8.9,999.9,0
1/21/2017,NEW YORK,NY,42.9,41,1011.5,6.6,5.3,4,7,14,0.1
1/22/2017,NEW YORK,NY,44.5,43.6,1006.9,2.3,3.4,3.7,9.9,17.1,0
1/23/2017,NEW YORK,NY,41.2,35.4,1008.3,3.2,9.2,15.5,24.1,38.1,0.05
1/24/2017,NEW YORK,NY,36.2,35.1,995.8,990.4,4.3,10.6,20,32.1,1.66
1/25/2017,NEW YORK,NY,40.5,30.4,1002.3,996.3,9.8,6.4,12,21,0.68
1/26/2017,NEW YORK,NY,49.2,34.4,997.8,992.9,9.8,5.1,15,27,0
1/27/2017,NEW YORK,NY,41.8,24.6,1002.1,997.3,10,7.8,12,27,0.02
1/28/2017,NEW YORK,NY,36.6,20.9,1004.2,999.4,10,7.1,12,21,0
1/29/2017,NEW YORK,NY,38.4,18.6,1006,1.1,10,5.8,11.1,17.1,0
1/30/2017,NEW YORK,NY,34.6,13.9,1007.9,2.9,10,4.9,9.9,15.9,0
1/31/2017,NEW YORK,NY,29.3,15.8,1013.3,7.6,7.5,4.4,8,999.9,0
2/1/2017,NEW YORK,NY,39.6,26.6,1012.1,7.1,9.2,4.1,8.9,20,0.06
2/2/2017,NEW YORK,NY,39.5,22.2,1017.4,12.5,10,4.7,11.1,21,0
2/3/2017,NEW YORK,NY,30.6,11,1021.8,16.7,10,5.2,9.9,15,0
2/4/2017,NEW YORK,NY,27.6,5.2,1025.6,20.5,10,7.7,12,24.1,0
2/5/2017,NEW YORK,NY,35.2,13.9,1018.2,13.2,10,6.3,8.9,24.1,0
2/6/2017,NEW YORK,NY,41.6,20.4,1016.7,11.8,10,5.5,8,20,0
2/7/2017,NEW YORK,NY,39.3,34.9,1013.6,8.4,5.5,5.3,11.1,18.1,0.06
2/8/2017,NEW YORK,NY,45.9,39.9,1003.4,998.4,4.8,3.9,8,999.9,0.24
2/9/2017,NEW YORK,NY,33.3,23.6,1004,998.5,5.2,9.2,17.1,32.1,0.34
2/10/2017,NEW YORK,NY,24.2,6.2,1020.6,15.5,10,8.2,15,27,0.82
2/11/2017,NEW YORK,NY,37.3,21.5,1015.6,10.8,9.6,4.4,13,21,0
2/12/2017,NEW YORK,NY,34.7,28.7,1017.7,9.9,6.2,6.4,14,20,0.04
2/13/2017,NEW YORK,NY,35.2,24.7,1007,1.6,9.8,9.9,21,34,0.44
2/14/2017,NEW YORK,NY,32.6,18.8,1013,8,10,5.5,11.1,22,0.02
2/15/2017,NEW YORK,NY,40.3,29.5,1000.1,995.2,9.4,4.6,15.9,25.1,0
2/16/2017,NEW YORK,NY,33.6,19.1,1000.1,994.7,10,8.9,13,25.1,0
2/17/2017,NEW YORK,NY,32.1,14.1,1009.7,4.7,10,8.3,12,22,0
2/18/2017,NEW YORK,NY,45.7,21.7,1009.3,4.4,10,4.2,8,17.1,0
2/19/2017,NEW YORK,NY,59.9,32.1,1007.5,2.6,10,5.9,12,20,0
2/20/2017,NEW YORK,NY,50.5,25.4,1019.3,14.4,10,5.7,13,20,0
2/21/2017,NEW YORK,NY,40.8,18.8,1026.7,21.7,10,5.5,9.9,17.1,0
2/22/2017,NEW YORK,NY,47.2,35.4,1017,12,9.8,3.5,7,19,0
2/23/2017,NEW YORK,NY,53,44.9,1011.4,6.6,8.5,2.2,8,999.9,0
2/24/2017,NEW YORK,NY,62.7,51.6,1012.3,7.6,9.9,5.1,9.9,18.1,0
2/25/2017,NEW YORK,NY,57.3,53.5,1008.1,1.6,8.7,5.4,15,24.1,0
2/26/2017,NEW YORK,NY,41.5,24.8,1012.3,5.6,9.2,7.6,13,24.1,0.54
2/27/2017,NEW YORK,NY,42.2,19.2,1027.1,22.1,10,6,9.9,15.9,0
2/28/2017,NEW YORK,NY,51.1,37.4,1026.5,21.5,9.8,3.2,8.9,999.9,0
3/1/2017,NEW YORK,NY,58.6,53.5,1007.5,3.1,8.6,4.5,8.9,19,0
3/2/2017,NEW YORK,NY,52,28.1,1003,998.2,10,10,19,36.9,0.12
3/3/2017,NEW YORK,NY,34.5,8.9,1021.6,16.6,10,6.5,9.9,22,0
3/4/2017,NEW YORK,NY,25.1,1.8,1031.7,26.5,10,8.1,12,27,0
3/5/2017,NEW YORK,NY,22.8,-8.1,1035.9,30.7,10,6.1,12,22.9,0
3/6/2017,NEW YORK,NY,33.5,5.8,1032.9,27.8,10,2.6,6,999.9,0
3/7/2017,NEW YORK,NY,45.6,37.1,1026.2,21.2,8.7,3.8,7,15,0
3/8/2017,NEW YORK,NY,54.2,36.7,1014.8,9.8,9.9,5.4,13,21,0.12
3/9/2017,NEW YORK,NY,55.5,16.8,1013.5,8.7,10,8.3,13,29.9,0.02
3/10/2017,NEW YORK,NY,39.2,23.9,1012.2,7,7.2,5.9,9.9,19,0
3/11/2017,NEW YORK,NY,23.2,4,1019.2,14.2,10,8.6,13,25.1,0.31
3/12/2017,NEW YORK,NY,23.8,3.3,1025.4,20.3,10,7.9,12,21,0
3/13/2017,NEW YORK,NY,26,3.9,1030.4,25.3,10,4.2,9.9,17.1,0
3/14/2017,NEW YORK,NY,29.6,24.9,1006.6,1.4,3.4,9.9,18.1,31.1,0.61
3/15/2017,NEW YORK,NY,23.2,9.4,1001.4,996.4,9.8,10.4,15.9,26,1.36
3/16/2017,NEW YORK,NY,29.7,9.8,1012.9,7.9,10,7.7,14,31.1,0
3/17/2017,NEW YORK,NY,36.3,12.6,1021.9,16.9,10,6.1,9.9,18.1,0
3/18/2017,NEW YORK,NY,36.3,22.5,1022.5,17.4,8.7,6.3,14,20,0
3/19/2017,NEW YORK,NY,38.7,23.9,1021.1,16.2,10,9.1,14,22.9,0.08
3/20/2017,NEW YORK,NY,41.5,13.9,1019.2,14.3,10,4.3,8.9,15,0
3/21/2017,NEW YORK,NY,48.5,24.2,1012.9,8.1,10,3.5,8,15,0
3/22/2017,NEW YORK,NY,39.7,11.2,1017.1,12.2,10,9.3,18.1,29.9,0
3/23/2017,NEW YORK,NY,30.2,0.9,1033.2,28,10,5.3,8.9,20,0
3/24/2017,NEW YORK,NY,43.3,20.2,1028.8,23.8,10,4.2,8,18.1,0
3/25/2017,NEW YORK,NY,54.1,36.9,1021.1,16.2,9.8,5.5,11.1,18.1,0
3/26/2017,NEW YORK,NY,40.3,34.5,1029.8,24.8,9.4,7.8,13,20,0.15
3/27/2017,NEW YORK,NY,42.5,40,1019.6,16.2,4,4.3,8.9,15,0.01
3/28/2017,NEW YORK,NY,43.8,42.3,1014.3,9.1,4.8,5.2,9.9,999.9,0.37
3/29/2017,NEW YORK,NY,48.4,37,1017.1,11.2,8.6,5.6,11.1,18.1,0.6
3/30/2017,NEW YORK,NY,44.3,23.1,1022.8,17.9,10,6.3,14,20,0
3/31/2017,NEW YORK,NY,40.4,35.9,1018.1,11.7,5,6.5,13,25.1,0.33
4/1/2017,NEW YORK,NY,40.3,35.1,1008.4,3.1,7.3,10.3,22.9,33,1.19
4/2/2017,NEW YORK,NY,49.8,29.8,1018.2,13.2,10,4.8,8.9,15.9,0
4/3/2017,NEW YORK,NY,55.3,30.8,1018,13.1,10,3.4,9.9,21,0
4/4/2017,NEW YORK,NY,49.1,44.9,1005.7,0.5,6.5,6.2,11.1,18.1,1.2
4/5/2017,NEW YORK,NY,51.2,43.5,1010.7,5.4,6.9,2.6,7,999.9,0.01
4/6/2017,NEW YORK,NY,44.1,41.4,1007.3,0.5,6.6,7.7,18.1,26,0.02
4/7/2017,NEW YORK,NY,47.7,36.8,993.7,988.6,10,8.5,14,25.1,0.71
4/8/2017,NEW YORK,NY,45.9,22.5,1007.6,2.7,10,8.5,15,25.1,0
4/9/2017,NEW YORK,NY,53.2,22.7,1019.1,14.1,10,4.3,8,15.9,0
4/10/2017,NEW YORK,NY,62.5,36.3,1021,16.2,10,4.9,11.1,20,0
4/11/2017,NEW YORK,NY,69.4,47,1019.5,14.6,10,5.7,9.9,20,0
4/12/2017,NEW YORK,NY,65.2,51,1019.8,15,9.7,2.2,7,999.9,0
4/13/2017,NEW YORK,NY,57.4,32.8,1026.1,21.3,10,4.1,9.9,17.1,0.02
4/14/2017,NEW YORK,NY,56.4,26.5,1028.3,23.4,10,3.2,7,15.9,0
4/15/2017,NEW YORK,NY,56.8,36.6,1027.2,22.1,10,4.2,9.9,15.9,0
4/16/2017,NEW YORK,NY,70.1,54.5,1014.3,9.5,9.7,6,11.1,26,0
4/17/2017,NEW YORK,NY,69.3,45.6,1013.1,8.4,10,6.1,8.9,21,0
4/18/2017,NEW YORK,NY,57.4,32,1025.6,20.7,10,5.8,12,20,0
4/19/2017,NEW YORK,NY,48.1,38.3,1032,26.6,10,6.5,11.1,20,0
4/20/2017,NEW YORK,NY,54.6,47.8,1020.4,15.6,7.7,2.4,7,999.9,0.13
4/21/2017,NEW YORK,NY,51.4,48,1014.5,9.9,8,6.6,8.9,17.1,0.31
4/22/2017,NEW YORK,NY,51.8,48.4,1013.6,8.5,8,3.8,8,999.9,0.02
4/23/2017,NEW YORK,NY,53.7,37.3,1018.1,13.2,10,4.3,8,999.9,0.11
4/24/2017,NEW YORK,NY,54.2,42,1020.5,15.6,9.8,2.7,6,999.9,0
4/25/2017,NEW YORK,NY,51.8,48.3,1018.4,12.8,7.9,9.8,20,34,0.01
4/26/2017,NEW YORK,NY,55.1,53.9,1009.2,4.1,4.5,6.8,14,26,1.2
4/27/2017,NEW YORK,NY,61.4,57.8,1012.1,6.8,4.2,1.7,8.9,15.9,0.04
4/28/2017,NEW YORK,NY,66.6,56.5,1014,8.7,4.7,2.5,7,999.9,0
4/29/2017,NEW YORK,NY,75.1,57.1,1015.7,10.9,9.1,4.2,11.1,26,0.06
4/30/2017,NEW YORK,NY,62.6,43.9,1021.9,17.1,10,5.4,9.9,17.1,0
5/1/2017,NEW YORK,NY,57.2,49.7,1015.2,10.5,6.8,4.2,7,999.9,0
5/2/2017,NEW YORK,NY,69.3,54.1,1002.8,998,9.3,6.7,11.1,28,0
5/3/2017,NEW YORK,NY,61.4,34.9,1011.2,6.4,10,8.1,11.1,20,0
5/4/2017,NEW YORK,NY,55,32.3,1023.4,18.5,10,4.5,8,15.9,0
5/5/2017,NEW YORK,NY,53.7,49.5,1013.4,6.4,6.4,5.7,15,20,0.02
5/6/2017,NEW YORK,NY,59.7,55.6,996.5,991.8,5.3,4.3,9.9,19,3.18
5/7/2017,NEW YORK,NY,52.6,43.1,1002.3,996.9,9.5,4.5,8.9,17.1,0.18
5/8/2017,NEW YORK,NY,50.3,32.6,1010.6,5.7,10,5.9,8,18.1,0.01
5/9/2017,NEW YORK,NY,53.3,33.1,1013.9,9,10,4.1,8,999.9,0
5/10/2017,NEW YORK,NY,56.9,38,1015.9,11,10,2.8,6,999.9,0
5/11/2017,NEW YORK,NY,53.5,37.1,9999.9,11.2,10,2.8,6,999.9,0
5/12/2017,NEW YORK,NY,54.1,42.1,1017.4,12.3,10,3.5,8,15,0
5/13/2017,NEW YORK,NY,50.5,46.5,1014,8.3,6.1,6.3,14,24.1,0.11
5/14/2017,NEW YORK,NY,52.8,44.6,1004.4,0.6,8.8,5.3,15.9,26,1.5
5/15/2017,NEW YORK,NY,59.1,41.6,1005.5,0.8,10,7.9,13,28.9,0.02
5/16/2017,NEW YORK,NY,66.2,44.1,1014.5,9.8,10,4.5,8,20,0
5/17/2017,NEW YORK,NY,76,53.2,1014.6,9.8,10,4.2,6,17.1,0
5/18/2017,NEW YORK,NY,83.2,62.5,1012.5,7.8,10,4.6,7,17.1,0
5/19/2017,NEW YORK,NY,83,63.2,1011.1,6.4,10,4.7,8,19,0
5/20/2017,NEW YORK,NY,63.4,46,1022.2,17.4,10,5.2,11.1,20,0.01
5/21/2017,NEW YORK,NY,59.3,39,1027.1,22.3,10,2.6,8.9,15.9,0
5/22/2017,NEW YORK,NY,56.7,51.8,1021,15.5,6.8,2.7,7,999.9,0.13
5/23/2017,NEW YORK,NY,62.2,52.9,1013.1,8.6,8.2,2.3,6,999.9,0.46
5/24/2017,NEW YORK,NY,62.3,50.9,1007.9,3.1,9.8,3.2,9.9,15.9,0.04
5/25/2017,NEW YORK,NY,57.6,54.2,1006.5,0.2,5.7,6.8,12,20,0.08
5/26/2017,NEW YORK,NY,62.1,55.6,1001.3,995.9,8.5,5.5,14,24.1,0.6
5/27/2017,NEW YORK,NY,66.2,54.2,1010.6,5.8,10,3.2,7,999.9,0.1
5/28/2017,NEW YORK,NY,63.8,55.8,1013.4,8.6,8.8,3.3,11.1,18.1,0
5/29/2017,NEW YORK,NY,58.2,53.1,1014,9.2,9.3,4.5,8,999.9,0.09
5/30/2017,NEW YORK,NY,57.1,53.5,1020.3,15.4,9.6,2.3,8,15,0.04
5/31/2017,NEW YORK,NY,63.1,58.6,1016.3,12.1,5.9,1.8,7,999.9,0.09
6/1/2017,NEW YORK,NY,68.4,54.9,1013.2,8.4,9.7,3.1,9.9,18.1,0.03
6/2/2017,NEW YORK,NY,68,43.2,1013.8,9,10,4,9.9,18.1,0
6/3/2017,NEW YORK,NY,64.3,41.3,1014.5,9.6,10,3.1,8.9,18.1,0.02
6/4/2017,NEW YORK,NY,63.3,45.2,1015.1,10.3,10,1.6,5.1,999.9,0.01
6/5/2017,NEW YORK,NY,62.5,58.8,1008.5,3.5,5.4,3.6,7,999.9,0.11
6/6/2017,NEW YORK,NY,56.8,54,1007.4,2.8,7.5,6,12,20,0.01
6/7/2017,NEW YORK,NY,57.8,47.4,1014.9,9.7,10,4.7,9.9,999.9,0.05
6/8/2017,NEW YORK,NY,62,49.5,1015.4,10.7,10,2.5,6,999.9,0
6/9/2017,NEW YORK,NY,66,46.8,1007.9,3.2,10,4.1,12,18.1,0
6/10/2017,NEW YORK,NY,75.7,53.2,1013.6,8.9,10,3.3,7,999.9,0
6/11/2017,NEW YORK,NY,81.3,59.3,1016.7,12,10,4,8.9,18.1,0
6/12/2017,NEW YORK,NY,84,60.8,1015.5,10.8,10,3.9,7,15,0
6/13/2017,NEW YORK,NY,86,62.7,1012.6,7.8,9.9,2.8,7,15.9,0
6/14/2017,NEW YORK,NY,77.4,63.3,1013.7,9.1,9.1,4.3,8.9,999.9,0.27
6/15/2017,NEW YORK,NY,70.1,51.6,1017,12.2,10,3.3,8,14,0.02
6/16/2017,NEW YORK,NY,66.1,59.2,1015.4,10.6,9.2,4.6,8,999.9,0
6/17/2017,NEW YORK,NY,68.7,65.5,1013.6,8.8,6.3,2.5,6,999.9,0
6/18/2017,NEW YORK,NY,75.9,70.8,1010.9,6.6,6.5,2.5,6,999.9,1.39
6/19/2017,NEW YORK,NY,79.3,72.1,1009.4,4.8,8.6,3.4,8.9,17.1,0
6/20/2017,NEW YORK,NY,75.3,63,1012,7.2,8.2,4.2,11.1,20,1.38
6/21/2017,NEW YORK,NY,77.5,58.3,1012.9,8.2,10,4.2,8,19,0.03
6/22/2017,NEW YORK,NY,75.8,59.2,1014.5,9.8,10,1.9,7,999.9,0
6/23/2017,NEW YORK,NY,79.7,70.5,1008.6,3.9,9.2,3.8,8,18.1,0
6/24/2017,NEW YORK,NY,77.8,65.9,1005.3,0.1,8.3,5,13,22.9,1.16
6/25/2017,NEW YORK,NY,76.1,58,1013.6,8.9,10,2.1,8.9,17.1,0.17
6/26/2017,NEW YORK,NY,72.4,51,1015.7,10.9,10,3.5,7,999.9,0
6/27/2017,NEW YORK,NY,70,54.5,1015,10.3,9.4,2.4,8.9,14,0.18
6/28/2017,NEW YORK,NY,69.7,49.1,1018.3,13.4,10,4.3,8.9,18.1,0
6/29/2017,NEW YORK,NY,74.6,58,1019.3,14.6,10,4.6,8.9,19,0
6/30/2017,NEW YORK,NY,79.3,64.8,1015.2,10.5,10,4.9,8.9,17.1,0
7/1/2017,NEW YORK,NY,79,70.2,1013.4,8.7,9.8,4,12,21,0
7/2/2017,NEW YORK,NY,77.8,66.8,1013.9,9.1,9.3,3.9,8,999.9,0.23
7/3/2017,NEW YORK,NY,80.4,62.7,1014.5,9.8,9.6,2.7,11.1,24.1,0
7/4/2017,NEW YORK,NY,76.7,60.1,1017.1,12.4,10,2.4,6,999.9,0.45
7/5/2017,NEW YORK,NY,76.7,57.7,1021.1,16.3,9.6,3.9,8.9,999.9,0
7/6/2017,NEW YORK,NY,72.9,59.1,1020.2,15.4,10,3.2,6,999.9,0
7/7/2017,NEW YORK,NY,72.9,66.5,1010.2,5.5,7.9,4.5,11.1,18.1,0.02
7/8/2017,NEW YORK,NY,75.7,67.2,1007.4,2.7,8.1,3.2,9.9,19,1.76
7/9/2017,NEW YORK,NY,75.2,54.9,1014.3,9.6,10,3.1,8.9,999.9,0
7/10/2017,NEW YORK,NY,76.3,57.6,1017,12.3,10,2.9,6,999.9,0
7/11/2017,NEW YORK,NY,78.8,67.9,1013.9,9.2,9.6,2.9,6,999.9,0
7/12/2017,NEW YORK,NY,82.3,69.4,1014.4,9.6,10,3.6,9.9,20,0
7/13/2017,NEW YORK,NY,83,70.7,1015.2,10.4,9.8,4.6,8.9,15,0
7/14/2017,NEW YORK,NY,69.7,66.3,1017.4,12.6,6.5,4,9.9,15,0.01
7/15/2017,NEW YORK,NY,73.8,65.9,1013.5,8.9,6.2,3.4,7,999.9,0.34
7/16/2017,NEW YORK,NY,76.8,62,1013.9,9.1,10,2.5,5.1,999.9,0
7/17/2017,NEW YORK,NY,78.2,66.8,1016.6,11.9,10,2.1,8,15,0
7/18/2017,NEW YORK,NY,79.6,69.5,1018.2,13.5,10,1.9,7,999.9,0
7/19/2017,NEW YORK,NY,83.2,68.3,1016.6,11.9,9.9,3.5,6,15.9,0
7/20/2017,NEW YORK,NY,85.7,67.8,1014,9.3,9.5,2.1,7,999.9,0
7/21/2017,NEW YORK,NY,82.5,66.8,1011.9,7.2,9.8,3.1,6,999.9,0.01
7/22/2017,NEW YORK,NY,83.8,65,1010.6,5.9,9.9,2.5,6,999.9,0
7/23/2017,NEW YORK,NY,74.6,69.9,1008.8,3.9,5.2,2,8,999.9,0.62
7/24/2017,NEW YORK,NY,69.3,64.4,1010,5,7.5,5.7,12,20,0.36
7/25/2017,NEW YORK,NY,65.8,59,1016.8,12.5,10,4.7,7,999.9,0.39
7/26/2017,NEW YORK,NY,69.7,56.9,1023,18.2,10,4,8,999.9,0
7/27/2017,NEW YORK,NY,70.8,62.7,1017.2,12,10,2.4,6,999.9,0
7/28/2017,NEW YORK,NY,76.8,68.1,1010.3,5.8,8.5,1.3,6,999.9,0
7/29/2017,NEW YORK,NY,72.9,56.2,1009,4.2,10,8.2,11.1,21,0
7/30/2017,NEW YORK,NY,72.4,51.4,1014.6,9.9,10,4.4,7,999.9,0
7/31/2017,NEW YORK,NY,76.1,56.5,1017.5,12.7,10,1.9,5.1,999.9,0
8/1/2017,NEW YORK,NY,80.2,61.7,1016.6,11.9,10,1.8,5.1,999.9,0
8/2/2017,NEW YORK,NY,77.6,67.4,1017.3,12.7,8,1.7,8,15.9,0
8/3/2017,NEW YORK,NY,75.2,66.4,1019,14.3,8.1,1.4,6,999.9,0.09
8/4/2017,NEW YORK,NY,76.8,67.2,1017,12.3,9.2,3.1,8.9,18.1,0.15
8/5/2017,NEW YORK,NY,74.6,67.6,1012.2,7.2,8.8,4.1,8,17.1,0.3
8/6/2017,NEW YORK,NY,70.2,52.8,1017.5,12.7,10,3.8,6,999.9,0
8/7/2017,NEW YORK,NY,68,59.9,1019.1,13.5,6.7,2.4,6,999.9,0
8/8/2017,NEW YORK,NY,69.4,62.7,1013.7,8.8,7.5,2.4,8,999.9,0.76
8/9/2017,NEW YORK,NY,74,57.5,1021,16.2,10,1.1,5.1,999.9,0
8/10/2017,NEW YORK,NY,75.3,60.2,1023.1,18.3,9.8,2.1,6,999.9,0
8/11/2017,NEW YORK,NY,74.3,58.5,1020.4,15.7,10,2.4,8,14,0
8/12/2017,NEW YORK,NY,71,65.2,1014.9,9.7,9.1,2.1,6,999.9,0.11
8/13/2017,NEW YORK,NY,76.1,64.9,1013.2,7.8,9.8,3.7,7,999.9,0
8/14/2017,NEW YORK,NY,75.4,61.8,1016.1,11.4,10,1.9,5.1,999.9,0
8/15/2017,NEW YORK,NY,72.1,68.4,1013.6,8.8,5.5,1.2,5.1,999.9,0.28
8/16/2017,NEW YORK,NY,76,66.3,1013.9,9,6.9,1.5,7,999.9,0.17
8/17/2017,NEW YORK,NY,75.7,59.6,1016.6,11.9,10,2.7,8,999.9,0
8/18/2017,NEW YORK,NY,76.4,72.7,1011.7,7.1,6.4,2,7,999.9,0.03
8/19/2017,NEW YORK,NY,77.9,68.2,1009.9,5.1,9.5,2.5,7,15,0.85
8/20/2017,NEW YORK,NY,76.6,60.7,1015.7,11,10,4.2,7,999.9,0
8/21/2017,NEW YORK,NY,77.9,62.7,1021.1,16.3,9.9,2.2,6,999.9,0
8/22/2017,NEW YORK,NY,80.6,71.3,1014.9,10.4,8.5,4.5,9.9,20,0
8/23/2017,NEW YORK,NY,76.4,62.6,1009.3,4.5,8.5,4.9,9.9,22,0.3
8/24/2017,NEW YORK,NY,72.9,52,1012.8,8.1,10,2.4,7,999.9,0
8/25/2017,NEW YORK,NY,70.5,53.5,1017.9,13,10,2.1,7,999.9,0
8/26/2017,NEW YORK,NY,70,48.9,1023.6,18.7,10,3.1,7,999.9,0
8/27/2017,NEW YORK,NY,69.2,48.7,1024.4,19.6,10,3.9,8,15,0
8/28/2017,NEW YORK,NY,69,53.4,1025,20.2,9.7,4.7,9.9,15,0
8/29/2017,NEW YORK,NY,65.7,57.5,1022.5,17.5,9.3,7.2,13,21,0
8/30/2017,NEW YORK,NY,67.1,55.4,1014.7,9.9,9.5,5.1,9.9,17.1,0.3
8/31/2017,NEW YORK,NY,72.1,57.6,1013.1,8.3,10,3.5,6,999.9,0.01
9/1/2017,NEW YORK,NY,64.3,41.7,1018.3,13.5,10,3.9,8,999.9,0
9/2/2017,NEW YORK,NY,61.9,45.4,1022.5,17.6,9.8,4.4,7,999.9,0
9/3/2017,NEW YORK,NY,62.1,59.3,1013.9,9.7,6.5,4.8,8.9,999.9,1.12
9/4/2017,NEW YORK,NY,69.3,57,1013.4,8.6,10,4.5,8,15.9,0.15
9/5/2017,NEW YORK,NY,75.6,64.4,1009,4.3,9.2,3.5,7,999.9,0
9/6/2017,NEW YORK,NY,67.8,62.1,1010.8,6.3,8.1,2.4,7,999.9,0.01
9/7/2017,NEW YORK,NY,64.4,57.2,1011.8,6.9,7.3,3.9,7,15.9,0.42
9/8/2017,NEW YORK,NY,64.9,49.6,1018.1,13.3,10,2.6,6,19,0.01
9/9/2017,NEW YORK,NY,62,48.3,1023.6,18.7,10,4.2,8.9,15,0
9/10/2017,NEW YORK,NY,63.7,49.1,1027,22.1,10,5,9.9,18.1,0
9/11/2017,NEW YORK,NY,65.4,48.3,1025.6,20.7,10,1.9,6,999.9,0
9/12/2017,NEW YORK,NY,69,53.5,1017.4,12.5,10,0.8,4.1,999.9,0
9/13/2017,NEW YORK,NY,71.4,59.5,1012.6,7.8,9.5,2,7,999.9,0
9/14/2017,NEW YORK,NY,74,67.3,1011.4,6.7,9.1,2.1,7,999.9,0.06
9/15/2017,NEW YORK,NY,74.2,63.3,1015.9,11.1,10,2,5.1,999.9,0.02
9/16/2017,NEW YORK,NY,74.6,67.6,1019.7,15.2,6.4,2.3,7,999.9,0
9/17/2017,NEW YORK,NY,73.2,66.6,1020.3,15.7,5.5,2.4,6,999.9,0
9/18/2017,NEW YORK,NY,70.7,65.3,1019.6,14.9,8.8,4.7,9.9,999.9,0
9/19/2017,NEW YORK,NY,72.3,65.4,1015.8,11,9.5,8,14,25.1,0
9/20/2017,NEW YORK,NY,74.2,64,1011.4,6.6,10,6.8,12,19,0.22
9/21/2017,NEW YORK,NY,75.4,63.1,1015,10.3,10,4.4,7,999.9,0
9/22/2017,NEW YORK,NY,74.3,54,1015.6,10.9,10,5.9,8.9,20,0
9/23/2017,NEW YORK,NY,76.7,52.8,1016.1,11.4,10,5.2,8.9,15.9,0
9/24/2017,NEW YORK,NY,78.5,60.2,1017.4,12.7,10,1.3,5.1,999.9,0
9/25/2017,NEW YORK,NY,78.6,64.4,1017.1,12.4,9.9,2.3,7,999.9,0
9/26/2017,NEW YORK,NY,73.8,65.3,1016.5,11.9,9.7,2.2,5.1,999.9,0
9/27/2017,NEW YORK,NY,76,68.1,1012.2,7.7,10,3.4,6,999.9,0
9/28/2017,NEW YORK,NY,73.9,59.2,1008.1,3.3,9.6,4.6,12,19,0
9/29/2017,NEW YORK,NY,61.5,43.6,1016.2,11.4,10,2.7,6,999.9,0
9/30/2017,NEW YORK,NY,60.2,47.8,1019.1,14.3,10,4.1,11.1,20,0
10/1/2017,NEW YORK,NY,58.3,44.3,1027.5,22.6,10,3.8,9.9,17.1,0
10/2/2017,NEW YORK,NY,61.4,41.7,1028.3,23.4,10,2.3,5.1,999.9,0
10/3/2017,NEW YORK,NY,62.5,49.2,1034.9,30.1,10,2.5,5.1,999.9,0
10/4/2017,NEW YORK,NY,64,52,1029.8,24.9,10,3.7,8.9,18.1,0
10/5/2017,NEW YORK,NY,71.7,58.2,1020,15.1,9.9,4.9,8,18.1,0
10/6/2017,NEW YORK,NY,73.3,61.9,1018.2,13.5,9.8,2.8,7,999.9,0
10/7/2017,NEW YORK,NY,72.5,64.8,1018.7,13.9,8.2,2.6,7,999.9,0
10/8/2017,NEW YORK,NY,73.9,69.7,1014.7,9.8,8.9,4.5,7,999.9,0
10/9/2017,NEW YORK,NY,73.9,71.5,1014.3,8.8,6.5,3.5,7,15.9,0.27
10/10/2017,NEW YORK,NY,73.8,63.7,1016.5,11.1,9.7,3.3,8,999.9,0.21
10/11/2017,NEW YORK,NY,69.7,58.7,1019.6,14.8,9.8,4.2,7,999.9,0
10/12/2017,NEW YORK,NY,60.7,52.3,1025.3,20.5,9.5,7.2,13,22,0.12
10/13/2017,NEW YORK,NY,58.3,48.5,1029.4,24.5,10,5.7,8,15.9,0.01
10/14/2017,NEW YORK,NY,65.5,60.6,1024,19.3,7.7,3.1,5.1,999.9,0.08
10/15/2017,NEW YORK,NY,68.7,62.4,1015.3,12.2,9.3,3.1,9.9,20,0
10/16/2017,NEW YORK,NY,61,48.7,1014.3,9.1,9.4,5.3,11.1,17.1,0.01
10/17/2017,NEW YORK,NY,49.8,32.2,1025,20,10,3.6,8,14,0
10/18/2017,NEW YORK,NY,58.5,40.8,1025.6,20.6,9.4,3.2,7,999.9,0
10/19/2017,NEW YORK,NY,63.2,44.6,1022.9,18.1,9.9,4.1,8,999.9,0
10/20/2017,NEW YORK,NY,64.8,39.1,1019.7,14.8,9.8,4,8,15,0
10/21/2017,NEW YORK,NY,65.5,37.6,1025.3,20.4,10,1.7,4.1,999.9,0
10/22/2017,NEW YORK,NY,66,46.9,1028.4,23.5,9.6,1.6,5.1,999.9,0
10/23/2017,NEW YORK,NY,66.7,59.7,1024.5,20,9.6,2.9,7,17.1,0
10/24/2017,NEW YORK,NY,69.7,65.5,1011.2,6.9,6.9,6.5,12,26,0.05
10/25/2017,NEW YORK,NY,63.2,53.4,1006.1,1.6,9.1,1.6,6,999.9,0.15
10/26/2017,NEW YORK,NY,56.2,40,1005.3,0.5,10,4.9,8,14,0
10/27/2017,NEW YORK,NY,53.8,36.4,1016.7,11.7,10,3.6,6,15.9,0
10/28/2017,NEW YORK,NY,60.7,47.4,1016.6,11.7,10,3.8,8,14,0
10/29/2017,NEW YORK,NY,63.1,61.2,1007.8,1.4,5.9,5,8.9,22.9,0.09
10/30/2017,NEW YORK,NY,55.6,46.7,995.7,987.4,7.5,7.6,15.9,31.1,3.16
10/31/2017,NEW YORK,NY,52,33.2,1015.3,10.4,10,5.3,8,18.1,0.03
11/1/2017,NEW YORK,NY,50,33.6,1025.6,20.6,10,2.4,7,999.9,0
11/2/2017,NEW YORK,NY,63.4,56.2,1023.8,19.1,9.4,2.5,6,999.9,0
11/3/2017,NEW YORK,NY,66.8,57.5,1018.3,13.5,9.9,3.9,8,19,0
11/4/2017,NEW YORK,NY,51.5,35.5,1025.4,20.5,10,5.1,8.9,17.1,0
11/5/2017,NEW YORK,NY,55,49.9,1024.1,19.1,8.1,4.6,8,999.9,0.01
11/6/2017,NEW YORK,NY,62.1,58.1,1013.9,9.5,8.2,3.5,7,15,0.01
11/7/2017,NEW YORK,NY,46,35.4,1021,16,9.3,5.4,9.9,15.9,0.01
11/8/2017,NEW YORK,NY,42.8,36.2,1023.5,18.2,9.4,5.4,9.9,18.1,0.7
11/9/2017,NEW YORK,NY,46.6,37.2,1022,17,9.8,2.7,5.1,999.9,0
11/10/2017,NEW YORK,NY,41.3,25,1020.6,15.2,10,7.6,14,27,0.01
11/11/2017,NEW YORK,NY,29.2,9.1,1033.4,28.3,10,4.9,8,15.9,0
11/12/2017,NEW YORK,NY,37.8,19.3,1031.7,26.7,10,1.6,6,999.9,0
11/13/2017,NEW YORK,NY,43.8,33.2,1027.2,22.2,8.9,2.9,6,999.9,0
11/14/2017,NEW YORK,NY,41.3,32.1,1026.2,21.2,10,3.7,7,999.9,0.07
11/15/2017,NEW YORK,NY,42.7,32,1024.5,19.5,10,4.4,8,999.9,0
11/16/2017,NEW YORK,NY,51.4,41.6,1012.7,7.8,9.3,5.7,9.9,21,0.17
11/17/2017,NEW YORK,NY,43.6,25,1015.7,10.8,10,7.4,9.9,27,0.03
11/18/2017,NEW YORK,NY,42.6,26.4,1012.5,7.6,9.6,2.6,7,999.9,0
11/19/2017,NEW YORK,NY,52.1,40.7,997.1,991.9,9.5,7.8,17.1,34,0.31
11/20/2017,NEW YORK,NY,41.5,24.8,1013.8,8.9,9.8,6.7,11.1,22,0.02
11/21/2017,NEW YORK,NY,48,28.3,1018.9,14,10,4,7,20,0
11/22/2017,NEW YORK,NY,51,40.5,1014.7,9.3,8.6,5.2,14,25.1,0.07
11/23/2017,NEW YORK,NY,36.6,19.2,1018.1,13.1,10,5.1,13,21,0.14
11/24/2017,NEW YORK,NY,41.2,21.7,1016.4,11.4,10,2.9,7,15,0
11/25/2017,NEW YORK,NY,48.7,30.4,1009.5,4.6,10,4.2,8,22,0
11/26/2017,NEW YORK,NY,47.1,29,1011.3,6.4,10,5.3,15,24.1,0
11/27/2017,NEW YORK,NY,43.5,24.3,1016.5,11.6,10,5.9,13,18.1,0
11/28/2017,NEW YORK,NY,43.3,28.3,1027.5,22.4,10,3.9,8,14,0
11/29/2017,NEW YORK,NY,53.6,36.6,1020.5,15.6,9.9,5.1,11.1,21,0
11/30/2017,NEW YORK,NY,43.7,28.8,1024.5,19.5,10,3.9,7,999.9,0
12/1/2017,NEW YORK,NY,48.8,37.1,1020.5,14.8,10,4.2,8,15.9,0.03
12/2/2017,NEW YORK,NY,43.5,29,1025.2,20.2,10,3.5,7,999.9,0
12/3/2017,NEW YORK,NY,45.4,36.2,1023,18,10,1.9,5.1,999.9,0
12/4/2017,NEW YORK,NY,45.1,38.7,1028.1,23.2,7.3,2.5,7,999.9,0
12/5/2017,NEW YORK,NY,54.2,46.2,1023.6,18.1,9.6,5.5,9.9,19,0
12/6/2017,NEW YORK,NY,49.3,34.5,1013.5,8.1,8.5,7.4,14,22.9,0.75
12/7/2017,NEW YORK,NY,40.8,19.1,1015.5,10.5,10,5.8,12,22.9,0
12/8/2017,NEW YORK,NY,37.1,18.6,1017.3,12.3,10,3.7,7,14,0
12/9/2017,NEW YORK,NY,33.6,21.9,1012.9,7.4,6.1,4.3,8.9,999.9,0
12/10/2017,NEW YORK,NY,33,24.5,1011.1,5.4,5.4,5,9.9,19,0.46
12/11/2017,NEW YORK,NY,36.6,21.9,1015.9,10.9,10,5.2,8.9,19,0
12/12/2017,NEW YORK,NY,43.7,31.9,1005.7,0,10,5.4,9.9,20,0
12/13/2017,NEW YORK,NY,26.9,8.1,1000,995,9.9,9.5,15,26,0
12/14/2017,NEW YORK,NY,27.2,15.5,1006.7,0.8,7.4,5.1,12,20,0.07
12/15/2017,NEW YORK,NY,23.6,10.6,1018.1,12.2,8.2,3.9,8,14,0.02
12/16/2017,NEW YORK,NY,28.9,19,1015.1,9.8,8.5,6,8.9,22,0.11
12/17/2017,NEW YORK,NY,34.7,22.3,1023.9,18.9,10,2.8,6,999.9,0
12/18/2017,NEW YORK,NY,38.7,30.3,1019.5,14.4,9.1,3.4,8.9,17.1,0.02
12/19/2017,NEW YORK,NY,49.5,35.7,1011.5,6.6,9.7,6,13,24.1,0
12/20/2017,NEW YORK,NY,46,24.3,1010.4,5.5,10,7.3,11.1,22.9,0
12/21/2017,NEW YORK,NY,35.6,16.6,1020.4,15.4,10,3.7,7,999.9,0
12/22/2017,NEW YORK,NY,40,24.1,1023.8,18.7,10,3.1,7,999.9,0
12/23/2017,NEW YORK,NY,41.3,39.2,1015.6,9.1,4.6,4.7,8,999.9,0.05
12/24/2017,NEW YORK,NY,40,30.1,1018.9,13,9.5,5.6,9.9,17.1,0.44
12/25/2017,NEW YORK,NY,35.7,25.5,1011.7,5.9,8,9.5,18.1,29.9,0.24
12/26/2017,NEW YORK,NY,26.4,3.1,1026.6,21.6,10,8.2,13,22,0.23
12/27/2017,NEW YORK,NY,21.8,1.4,1031.4,26.4,10,5.4,8,15.9,0
12/28/2017,NEW YORK,NY,16.2,-3.4,1032.9,27.7,10,6.8,9.9,20,0
12/29/2017,NEW YORK,NY,15.4,-0.8,1026.8,21.7,10,6.2,11.1,19,0
12/30/2017,NEW YORK,NY,20.1,8.3,1020.1,14.4,7.7,4.7,8.9,20,0
12/31/2017,NEW YORK,NY,16.6,2.3,1021.6,16.5,9.5,7.3,12,21,0.05
1/1/2018,NEW YORK,NY,11.7,-4,1027.8,27.1,10,16.1,21,28,0
1/2/2018,NEW YORK,NY,18.4,3.1,1029,28.2,10,13.2,17.1,21,0
1/3/2018,NEW YORK,NY,21,3.8,1026.7,26,10,9,17.1,999.9,0
1/4/2018,NEW YORK,NY,24.8,18.4,1005.5,2.9,4.3,19.6,35.9,46,0.04
1/5/2018,NEW YORK,NY,15.5,1.9,1005.7,4.9,9.9,23.2,29.9,40,0.45
1/6/2018,NEW YORK,NY,11.2,-7.5,1021.2,20.4,9.9,19.8,25.1,34,0
1/7/2018,NEW YORK,NY,9.4,-5.2,1033.2,32.4,10,12.9,24.1,31.1,0
1/8/2018,NEW YORK,NY,21.7,10.6,1026.4,25,10,12.7,18.1,999.9,0
1/9/2018,NEW YORK,NY,33.9,24.1,1020.1,19.3,10,12.1,19,999.9,0.02
1/10/2018,NEW YORK,NY,31.9,21.7,1030.8,30,10,5.3,12,999.9,0
1/11/2018,NEW YORK,NY,41.1,38.6,1029,28.4,9.8,2.8,8,999.9,0
1/12/2018,NEW YORK,NY,47.3,47.2,1016.8,16.2,2.2,11.3,22.9,33,0.01
1/13/2018,NEW YORK,NY,41.4,35.8,1010.6,5.3,4.8,17.2,27,33,0.52
1/14/2018,NEW YORK,NY,20.2,2,1032.9,32.1,10,15.2,22,27,0.08
1/15/2018,NEW YORK,NY,21.5,10,1037.4,36.6,10,12,15.9,20,0
1/16/2018,NEW YORK,NY,28.7,23.6,1032.6,31.9,10,5.5,8,999.9,0
1/17/2018,NEW YORK,NY,34.6,32.3,1025.9,24.5,6.8,7.9,14,999.9,0.07
1/18/2018,NEW YORK,NY,26.1,11.7,1018,17.5,10,13.1,18.1,22.9,0.15
1/19/2018,NEW YORK,NY,29.9,15.3,1017.8,17.1,10,10.2,14,999.9,0
1/20/2018,NEW YORK,NY,39.6,24.7,1013.4,12.7,10,10.9,18.1,27,0
1/21/2018,NEW YORK,NY,41.2,29.6,1019.7,18.9,10,7.2,12,999.9,0
1/22/2018,NEW YORK,NY,44.1,39.1,1021.6,20.8,9.7,3.9,9.9,999.9,0
1/23/2018,NEW YORK,NY,45.9,45.1,1008.8,9.7,4.1,9.8,26,32.1,0.01
1/24/2018,NEW YORK,NY,42.2,27.2,1011,10.2,10,14.8,19,25.1,0.21
1/25/2018,NEW YORK,NY,28.9,8.2,1025.5,24.7,10,15.1,19,27,0
1/26/2018,NEW YORK,NY,29.7,6.3,1037.7,36.9,10,6.9,14,999.9,0
1/27/2018,NEW YORK,NY,37.9,31.9,1033.3,32.6,10,10.1,18.1,999.9,0
1/28/2018,NEW YORK,NY,46.4,43.6,1024.6,23.8,7.7,6.2,14,999.9,0.13
1/29/2018,NEW YORK,NY,42.5,33.3,1022.4,21.8,10,10.5,15.9,22.9,0.13
1/30/2018,NEW YORK,NY,33.2,27.5,1015.8,14.8,6.9,12,25.1,29.9,0.07
1/31/2018,NEW YORK,NY,25,9.4,1022.8,22,10,13.2,25.1,28,0.1
2/1/2018,NEW YORK,NY,35.1,25,1016.5,15.8,10,10.2,18.1,25.1,0
2/2/2018,NEW YORK,NY,32.5,22.5,1015,13.5,9.3,13.5,24.1,32.1,0.26
2/3/2018,NEW YORK,NY,21.8,2.9,1029.2,28.4,10,14.9,29.9,36.9,0.21
2/4/2018,NEW YORK,NY,35.1,24.4,1023.6,23.2,9.7,10.3,17.1,20,0
2/5/2018,NEW YORK,NY,37.6,28.6,1013.6,10.4,8.2,14.1,28,34,0.96
2/6/2018,NEW YORK,NY,29.9,15.6,1027.3,26.5,10,5.6,12,999.9,0
2/7/2018,NEW YORK,NY,32.5,26.9,1028.5,26.3,6.8,7.6,15.9,999.9,0
2/8/2018,NEW YORK,NY,33,21.3,1024,22.4,9.7,12.9,26,32.1,0.84
2/9/2018,NEW YORK,NY,29.3,15.6,1033.3,32.5,10,9.1,18.1,999.9,0
2/10/2018,NEW YORK,NY,41.1,37.7,1026.8,25.7,9.3,5.5,15.9,999.9,0
2/11/2018,NEW YORK,NY,46.8,46.8,1016.4,15.6,1.2,6.4,19,27,0.64
2/12/2018,NEW YORK,NY,46.3,38.6,1023,20.1,6.7,12.1,21,26,0.76
2/13/2018,NEW YORK,NY,32.2,13.2,1040.8,40.1,10,11.5,18.1,999.9,0
2/14/2018,NEW YORK,NY,37.4,30.5,1030,29.6,10,6.6,14,999.9,0
2/15/2018,NEW YORK,NY,44.6,43.2,1014.3,13.6,6.5,5.8,8.9,999.9,0.1
2/16/2018,NEW YORK,NY,51.1,48.6,1004.8,3.9,7,8,26,35,0.18
2/17/2018,NEW YORK,NY,35.4,20.3,1024.9,24.2,10,11.5,26,31.1,0.04
2/18/2018,NEW YORK,NY,36.7,28.8,1023.6,21.3,7.1,9.9,22.9,33,0.5
2/19/2018,NEW YORK,NY,39.1,33.2,1032.8,31.9,9.9,6.8,12,999.9,0.02
2/20/2018,NEW YORK,NY,49.4,47.8,1026.9,26.2,4.4,6.8,13,999.9,0.01
2/21/2018,NEW YORK,NY,50.9,48.6,1025.7,25.3,5.3,6.7,14,999.9,0
2/22/2018,NEW YORK,NY,49.2,40.6,1032.5,32,9,11.5,19,24.1,0.03
2/23/2018,NEW YORK,NY,37.6,35.2,1035.8,36.2,7.9,8.8,14,999.9,0.11
2/24/2018,NEW YORK,NY,45.3,41.7,1022.2,23.1,6.7,7.6,12,999.9,0.12
2/25/2018,NEW YORK,NY,43.6,42,1019.2,18.6,6.6,11.1,20,27,0.67
2/26/2018,NEW YORK,NY,44.8,36.6,1019,18.7,8.5,7.1,18.1,22,0.71
2/27/2018,NEW YORK,NY,44.6,24.7,1026.7,25.9,10,9,17.1,999.9,0
2/28/2018,NEW YORK,NY,43.1,32.7,1020.3,19.6,10,8.9,17.1,999.9,0
3/1/2018,NEW YORK,NY,49,40.9,1010.8,10,10,6.1,13,999.9,0
3/2/2018,NEW YORK,NY,40.9,38.2,995.3,994.5,5.8,21.7,42,55,1.74
3/3/2018,NEW YORK,NY,40.4,29.6,1011.3,9.7,9.7,26.7,34,47,0.99
3/4/2018,NEW YORK,NY,41.2,27.2,1018.9,18.2,10,18.9,24.1,36.9,0
3/5/2018,NEW YORK,NY,36.6,22.8,1017.6,16.8,9.6,18.4,22.9,28.9,0
3/6/2018,NEW YORK,NY,37.3,25.3,1017.6,16.9,10,9.3,17.1,22.9,0
3/7/2018,NEW YORK,NY,35.6,33,1010.2,8.4,5.2,14.3,25.1,34,0.14
3/8/2018,NEW YORK,NY,36.4,29.8,1005.4,4.3,8.8,14.7,31.1,41,0.88
3/9/2018,NEW YORK,NY,35.7,22.6,1006.9,6.1,10,15.4,20,29.9,0
3/10/2018,NEW YORK,NY,36.2,20.9,1012.7,12,10,14.9,20,24.1,0
3/11/2018,NEW YORK,NY,38,19.3,1017.6,16.9,10,12,18.1,22.9,0
3/12/2018,NEW YORK,NY,37.6,26.1,1016,15.3,10,9.7,18.1,22,0
3/13/2018,NEW YORK,NY,35.8,30.9,1004.7,4,6.1,17.1,22.9,28.9,0.13
3/14/2018,NEW YORK,NY,35.5,20.6,1003.6,2.9,9.9,18,24.1,29.9,0.11
3/15/2018,NEW YORK,NY,37.8,21.3,1001.7,1,9.8,19.3,24.1,32.1,0
3/16/2018,NEW YORK,NY,36.9,21.6,1005.6,4.8,10,16.7,26,34,0
3/17/2018,NEW YORK,NY,35.8,12.4,1011,10.2,10,16.1,21,32.1,0
3/18/2018,NEW YORK,NY,36.2,8,1012.1,11.4,10,12.5,22,28,0
3/19/2018,NEW YORK,NY,37.9,15.9,1013.4,12.6,10,6.4,9.9,15.9,0
3/20/2018,NEW YORK,NY,34.3,11.7,1014,13.1,9.9,8.7,15,999.9,0
3/21/2018,NEW YORK,NY,34.5,24.1,1006.4,5,6.1,15.9,21,28.9,0.04
3/22/2018,NEW YORK,NY,37,28.3,1008,6.6,6.5,14.7,19,27,0.9
3/23/2018,NEW YORK,NY,40.9,23.1,1015.3,14.5,10,10.8,18.1,25.1,0.03
3/24/2018,NEW YORK,NY,42.4,20.8,1018.5,17.7,10,11.7,17.1,20,0
3/25/2018,NEW YORK,NY,40.1,22.9,1025.7,24.8,10,12.5,18.1,22.9,0
3/26/2018,NEW YORK,NY,37.5,23.2,1037.9,37.1,10,8.7,15.9,21,0
3/27/2018,NEW YORK,NY,36.2,25.2,1035.2,34.5,10,5,11.1,999.9,0
3/28/2018,NEW YORK,NY,40.6,36.4,1020.5,19.5,9.5,7,12,999.9,0.03
3/29/2018,NEW YORK,NY,45.9,44.4,1017,16.1,6.2,3.7,9.9,999.9,0.03
3/30/2018,NEW YORK,NY,49.5,47.1,1008.1,7.5,6,9.2,17.1,22,0.09
3/31/2018,NEW YORK,NY,45.1,26.9,1021.2,20.4,10,13.6,22,27,0
4/1/2018,NEW YORK,NY,48.1,36.9,1017.2,16.4,10,13.5,22,999.9,0
4/2/2018,NEW YORK,NY,39.1,26.7,1019.4,18.8,8,9,14,999.9,0.19
4/3/2018,NEW YORK,NY,38.9,35.5,1020.8,20,7.4,7.5,12,999.9,0.14
4/4/2018,NEW YORK,NY,45.9,41.4,1004.8,3.8,2.7,10.9,26,39,0.15
4/5/2018,NEW YORK,NY,40.8,15.6,1015.2,14.4,10,18.6,26,38.1,0.16
4/6/2018,NEW YORK,NY,41.4,28.3,1016,15.8,9.6,11.5,24.1,29.9,0
4/7/2018,NEW YORK,NY,43.8,27.2,1009.4,8.6,10,10.7,18.1,25.1,0.08
4/8/2018,NEW YORK,NY,38.5,15.2,1012.4,11.6,10,14.1,21,31.1,0
4/9/2018,NEW YORK,NY,36.9,16,1020.8,20.1,10,12.6,21,28.9,0
4/10/2018,NEW YORK,NY,41.7,30.9,1021.3,20.6,9.5,8.9,18.1,24.1,0.01
4/11/2018,NEW YORK,NY,42,23.2,1022,21.3,10,9,15,999.9,0
4/12/2018,NEW YORK,NY,46.2,37.3,1018,17.2,10,9.3,24.1,31.1,0
4/13/2018,NEW YORK,NY,56.5,44.2,1011.9,11.1,10,13.3,25.1,32.1,0
4/14/2018,NEW YORK,NY,55.2,49.3,1013.3,12.7,9.1,9.1,24.1,35,0
4/15/2018,NEW YORK,NY,43.2,35.5,1024.3,23.5,9.5,18.4,24.1,32.1,0
4/16/2018,NEW YORK,NY,46.7,45.1,1009.8,8.6,5.6,21,31.1,40,0.99
4/17/2018,NEW YORK,NY,45.1,32.2,1004.1,2.6,10,16.3,22.9,28.9,0.79
4/18/2018,NEW YORK,NY,43.6,27.8,1008.6,7.8,10,15.1,18.1,24.1,0
4/19/2018,NEW YORK,NY,45,38,1007.6,6.7,9.9,9.3,22,29.9,0.06
4/20/2018,NEW YORK,NY,42.9,23.9,1019.4,18.7,10,17.6,21,28.9,0.09
4/21/2018,NEW YORK,NY,46.7,25.8,1028,27.3,10,11.8,18.1,22.9,0
4/22/2018,NEW YORK,NY,51.1,25.3,1028.6,27.8,10,8.1,18.1,999.9,0
4/23/2018,NEW YORK,NY,49.6,34.6,1030.9,30.1,10,8.6,15.9,999.9,0
4/24/2018,NEW YORK,NY,50.8,42.9,1029.1,28.3,10,8.4,18.1,24.1,0
4/25/2018,NEW YORK,NY,54,52.3,1014.1,13.3,4.9,13.1,19,27,0.32
4/26/2018,NEW YORK,NY,58.2,47.9,1006.1,4.8,6.6,9.5,18.1,22,0.06
4/27/2018,NEW YORK,NY,54.3,47.3,1010.2,9.3,7.8,8,15.9,24.1,0.04
4/28/2018,NEW YORK,NY,51.7,49.6,1009.4,8.6,5.4,6.9,13,999.9,0.12
4/29/2018,NEW YORK,NY,54.3,43.9,1012.4,11.4,9.4,11.6,21,28,0.14
4/30/2018,NEW YORK,NY,49,32,1016.3,15.6,10,15.8,26,35,0.13
5/1/2018,NEW YORK,NY,57.7,35.9,1017.6,16.8,10,9.6,18.1,21,0
5/2/2018,NEW YORK,NY,66.8,44.5,1017.9,17.1,10,9.4,15,999.9,0
5/3/2018,NEW YORK,NY,69.8,51.3,1015.5,14.7,10,10.2,18.1,22.9,0
5/4/2018,NEW YORK,NY,67.6,60,1013.6,12.8,9.9,8.5,21,999.9,0
5/5/2018,NEW YORK,NY,66.3,45.4,1015.4,14.6,10,14.1,25.1,29.9,0
5/6/2018,NEW YORK,NY,59.7,48.1,1016.8,15.3,10,7.4,15.9,999.9,0
5/7/2018,NEW YORK,NY,61.4,51.2,1016.6,15.4,10,7.4,12,17.1,0
5/8/2018,NEW YORK,NY,58.5,49.6,1023.9,23.1,10,6.3,13,999.9,0
5/9/2018,NEW YORK,NY,56.1,50.9,1022,21.2,9.7,4.7,14,999.9,0
5/10/2018,NEW YORK,NY,55.5,53.7,1015.2,15.5,4.7,7.2,20,999.9,0
5/11/2018,NEW YORK,NY,64.6,45.8,1013.9,12.8,10,9.2,15.9,24.1,0.01
5/12/2018,NEW YORK,NY,59.6,45.1,1019.4,18.9,9.7,6.8,13,999.9,0.1
5/13/2018,NEW YORK,NY,52.9,51.1,1020.3,19.6,9.4,7.3,9.9,999.9,0.15
5/14/2018,NEW YORK,NY,55,53.1,1017.2,16.3,8.7,5.5,11.1,999.9,0.28
5/15/2018,NEW YORK,NY,62.9,59.8,1012,11.6,4.3,10.3,36.9,48,0.12
5/16/2018,NEW YORK,NY,62.5,60.3,1017.6,16.8,8.9,9.1,17.1,25.1,0.44
5/17/2018,NEW YORK,NY,59.1,58.3,1017.1,16.2,6.8,5,8.9,999.9,0.99
5/18/2018,NEW YORK,NY,61.4,52.8,1023.5,22,7.5,9.4,18.1,25.1,0.06
5/19/2018,NEW YORK,NY,53.8,47.1,1026.3,24.9,6.3,9.4,15,20,0.19
5/20/2018,NEW YORK,NY,66.9,61.5,1015.3,14.9,4.7,9.2,19,26,0.56
5/21/2018,NEW YORK,NY,67.1,52.7,1020.4,19.6,10,9.2,14,22.9,0
5/22/2018,NEW YORK,NY,60,54,1020.9,20,9.6,6,11.1,999.9,0
5/23/2018,NEW YORK,NY,65.6,58,1014.2,13.3,8.4,6.2,14,19,0.37
5/24/2018,NEW YORK,NY,73.5,46.9,1018.2,17.4,10,9.1,15.9,24.1,0.2
5/25/2018,NEW YORK,NY,68.8,56.2,1016.5,15.7,10,11.4,15.9,999.9,0
5/26/2018,NEW YORK,NY,72.8,65.9,1010.2,9.4,10,9.3,13,999.9,0
5/27/2018,NEW YORK,NY,65.2,61.9,1014.2,13.6,8.8,9,19,26,0.19
5/28/2018,NEW YORK,NY,57.2,54.1,1018.8,18.1,10,7.6,15,24.1,0.7
5/29/2018,NEW YORK,NY,66.2,63,1016.1,15.3,9.6,7.9,12,999.9,0
5/30/2018,NEW YORK,NY,64.3,62.7,1018.9,18.3,6.9,7,12,999.9,0
5/31/2018,NEW YORK,NY,63.1,61.4,1017.7,17.3,7.5,6,8.9,999.9,0
6/1/2018,NEW YORK,NY,66.5,65.9,1011.2,10,3.4,4.5,8,999.9,0.11
6/2/2018,NEW YORK,NY,74.8,68.9,1007,6.2,8,6.7,12,999.9,1.1
6/3/2018,NEW YORK,NY,62.8,56.2,1014.4,13.9,10,13.5,19,25.1,0
6/4/2018,NEW YORK,NY,57.1,52.7,1009.9,9.1,8.3,10.2,15.9,22,0.72
6/5/2018,NEW YORK,NY,64.2,54.6,1005.8,4.9,9.8,7.4,15.9,20,0.61
6/6/2018,NEW YORK,NY,62.9,51,1009.4,8.7,10,7.7,12,14,0
6/7/2018,NEW YORK,NY,60.5,56.5,1019.1,18.2,10,7.7,12,999.9,0
6/8/2018,NEW YORK,NY,65,60.7,1021,20.3,10,8.5,14,999.9,0
6/9/2018,NEW YORK,NY,70.9,61.3,1019.3,18.5,10,6.6,11.1,999.9,0
6/10/2018,NEW YORK,NY,68,53.9,1018,17.2,10,4.7,9.9,999.9,0
6/11/2018,NEW YORK,NY,62.2,50.5,1017.4,16.6,10,6.7,15,18.1,0.04
6/12/2018,NEW YORK,NY,61.3,51.9,1023.2,22.4,10,6.8,18.1,22.9,0.02
6/13/2018,NEW YORK,NY,65.1,61.8,1015.7,15,8.5,10.6,15.9,999.9,0
6/14/2018,NEW YORK,NY,75.7,57.6,1008.1,7.3,10,14.4,21,27,0.04
6/15/2018,NEW YORK,NY,71.4,50.8,1012.7,11.9,10,12.7,20,27,0
6/16/2018,NEW YORK,NY,70.6,55.9,1016.5,15.7,10,8,15,17.1,0
6/17/2018,NEW YORK,NY,74.1,57.2,1017.8,17.1,10,7.1,12,999.9,0
6/18/2018,NEW YORK,NY,72.7,67,1016.1,15.3,10,11.4,22,28,0
6/19/2018,NEW YORK,NY,79.6,68.1,1008.4,7.6,9.9,11,24.1,38.1,0.45
6/20/2018,NEW YORK,NY,73.1,58.5,1011.4,10.6,10,5.9,12,999.9,0.02
6/21/2018,NEW YORK,NY,71.8,66.8,1008.3,7.4,9.3,7.9,15,999.9,0.28
6/22/2018,NEW YORK,NY,68.3,63.2,1014.1,13.4,10,9.1,15.9,21,0.01
6/23/2018,NEW YORK,NY,64.7,60.8,1012.7,12,9.9,8.3,13,999.9,0.04
6/24/2018,NEW YORK,NY,69,66.8,1009.8,9.3,7.6,7,15,999.9,0.01
6/25/2018,NEW YORK,NY,74.7,60.7,1013.6,12.3,9.9,11.7,18.1,26,0.16
6/26/2018,NEW YORK,NY,68.3,58.8,1023.2,22.5,10,8.3,15,999.9,0
6/27/2018,NEW YORK,NY,68.6,63,1019.9,19.1,10,10.7,17.1,21,0
6/28/2018,NEW YORK,NY,72.4,70.7,1010.9,9.7,8.8,12,18.1,25.1,0.54
6/29/2018,NEW YORK,NY,77.8,69.6,1012.9,12.1,9.9,6.7,14,999.9,0.41
6/30/2018,NEW YORK,NY,81.9,62.2,1016.7,15.9,10,6.6,12,999.9,0
7/1/2018,NEW YORK,NY,81.6,72,1016.5,15.8,10,6.6,11.1,999.9,0
7/2/2018,NEW YORK,NY,81.8,73.3,1017.4,16.7,10,5.4,12,999.9,0
7/3/2018,NEW YORK,NY,78.1,75.8,1021.3,20.2,7.3,5.8,9.9,999.9,0
7/4/2018,NEW YORK,NY,79,74.6,1025.1,24.2,8.6,5.8,8.9,999.9,0.01
7/5/2018,NEW YORK,NY,79.3,75.8,1025.4,24.8,10,8.8,21,28.9,0
7/6/2018,NEW YORK,NY,77.6,73.5,1018.6,17.7,9.7,11.4,20,26,0.01
7/7/2018,NEW YORK,NY,70.5,50.2,1024.9,24.1,10,11.2,20,32.1,0.1
7/8/2018,NEW YORK,NY,69,56.2,1027.5,26.8,10,5.4,11.1,999.9,0
7/9/2018,NEW YORK,NY,72.4,60.7,1023.5,22.6,10,8.3,18.1,999.9,0
7/10/2018,NEW YORK,NY,77.2,63.8,1015,14.2,10,10.3,18.1,999.9,0
7/11/2018,NEW YORK,NY,78.3,67,1012.5,11.7,10,8.9,13,18.1,0
7/12/2018,NEW YORK,NY,74.5,63,1020.4,19.6,10,6,11.1,999.9,0
7/13/2018,NEW YORK,NY,73.8,63.7,1023.7,22.9,10,7.5,14,999.9,0
7/14/2018,NEW YORK,NY,76,63.3,1020.5,19.7,10,10.7,17.1,999.9,0
7/15/2018,NEW YORK,NY,74.6,69.5,1016.2,15.6,9.3,8.6,17.1,35.9,0.87
7/16/2018,NEW YORK,NY,78,73.5,1014.9,14.2,9.4,8.8,15.9,999.9,0.01
7/17/2018,NEW YORK,NY,76.5,74.1,1011.8,10.8,9.8,10.1,18.1,27,0
7/18/2018,NEW YORK,NY,76.3,63.4,1011,10.3,10,10.5,19,22.9,0.68
7/19/2018,NEW YORK,NY,74.8,53.6,1017.8,16.7,10,8.2,12,999.9,0
7/20/2018,NEW YORK,NY,73.7,64.1,1020.9,20.1,10,7,12,999.9,0
7/21/2018,NEW YORK,NY,71.8,59.9,1018.8,18,10,10.5,18.1,22.9,0
7/22/2018,NEW YORK,NY,72.9,71.8,1012.6,12.1,7.4,17.3,26,38.1,0.8
7/23/2018,NEW YORK,NY,75.1,74.4,1018.9,17.6,9.2,14.8,19,28,0.75
7/24/2018,NEW YORK,NY,77.1,74.8,1022.1,21.3,10,14.9,20,24.1,0.03
7/25/2018,NEW YORK,NY,76.3,75.1,1017.5,16.4,9.6,14.6,22,27,0
7/26/2018,NEW YORK,NY,76.7,73.2,1011.8,10.8,9.6,9.7,14,999.9,0.3
7/27/2018,NEW YORK,NY,78.1,74.2,1014.9,14,10,8.2,14,999.9,0
7/28/2018,NEW YORK,NY,76.2,70.8,1015.7,15,9.7,4.2,27,35,1.17
7/29/2018,NEW YORK,NY,77.3,65.3,1017.5,16.7,10,9.2,15,999.9,0
7/30/2018,NEW YORK,NY,75.1,66.5,1020.4,19.6,10,7.5,15,999.9,0
7/31/2018,NEW YORK,NY,73.3,67.1,1020.2,19.5,10,5.6,11.1,999.9,0.02
8/1/2018,NEW YORK,NY,77.8,74.6,1018.1,17.4,10,12.2,22.9,25.1,0
8/2/2018,NEW YORK,NY,79.7,76.6,1018.6,17.9,10,12.4,22.9,28,0.02
8/3/2018,NEW YORK,NY,77.9,75.8,1020.6,20,10,10.3,18.1,22,0.02
8/4/2018,NEW YORK,NY,77.4,74.7,1019.1,18.4,10,10.2,17.1,999.9,0.05
8/5/2018,NEW YORK,NY,81.2,71.7,1020.1,19.3,10,6.7,13,999.9,0.17
8/6/2018,NEW YORK,NY,81.8,74.5,1018.7,17.9,10,9.1,18.1,999.9,0
8/7/2018,NEW YORK,NY,79.6,75.8,1015.5,14.8,9.8,10.8,22,28,0
8/8/2018,NEW YORK,NY,78.4,74.4,1012.3,11.7,9.7,8.2,15,999.9,0.74
8/9/2018,NEW YORK,NY,81.6,72.8,1009,8.2,9.9,8.4,15.9,999.9,0.31
8/10/2018,NEW YORK,NY,79.9,64.4,1011.5,10.7,10,7.7,15.9,22,0.3
8/11/2018,NEW YORK,NY,75.4,72.6,1013.1,12.7,9.4,7.2,19,22.9,0
8/12/2018,NEW YORK,NY,76.2,73.1,1015.7,15.1,9.6,5.8,11.1,26,0.33
8/13/2018,NEW YORK,NY,74.1,73.3,1015.6,15,9.2,8.4,14,999.9,1.84
8/14/2018,NEW YORK,NY,74.7,72,1011.9,11,9.6,6.7,18.1,999.9,0.6
8/15/2018,NEW YORK,NY,77.8,68.9,1012,11.1,10,11.1,17.1,18.1,0.14
8/16/2018,NEW YORK,NY,81.8,71.6,1016.6,15.8,10,8.7,13,999.9,0
8/17/2018,NEW YORK,NY,79.5,75.4,1017.8,17,9.5,9,20,26,0
8/18/2018,NEW YORK,NY,78.8,75,1010.9,10.6,10,9.6,18.1,21,0.03
8/19/2018,NEW YORK,NY,70.8,67.7,1013.6,12.6,10,10.6,15.9,19,0.14
8/20/2018,NEW YORK,NY,70.1,65,1019.7,19,10,6.8,13,999.9,0.02
8/21/2018,NEW YORK,NY,70.1,65.9,1019.4,18.5,10,7.2,13,999.9,0
8/22/2018,NEW YORK,NY,76.8,70.7,1007.4,7.4,9.7,11.7,15.9,17.1,0.26
8/23/2018,NEW YORK,NY,73.9,58,1012.6,11.8,10,10.7,17.1,24.1,0.01
8/24/2018,NEW YORK,NY,73.6,57.2,1021.6,20.8,10,5.3,11.1,999.9,0
8/25/2018,NEW YORK,NY,72.6,62.1,1025.1,24.3,10,6.1,9.9,999.9,0
8/26/2018,NEW YORK,NY,72.8,65.9,1021.6,20.8,10,8.7,18.1,999.9,0
8/27/2018,NEW YORK,NY,78.8,72.5,1018.3,17.6,10,8.7,13,999.9,0
8/28/2018,NEW YORK,NY,81.6,76.6,1017.3,16.5,8.8,8.2,15.9,999.9,0
8/29/2018,NEW YORK,NY,84.2,76.8,1015.9,15.1,9.6,8.9,12,999.9,0
8/30/2018,NEW YORK,NY,83.5,73.3,1015.5,14.7,9.7,9.1,15.9,999.9,0
8/31/2018,NEW YORK,NY,75.6,67,1023,22.1,9.9,10.5,15.9,21,0
9/1/2018,NEW YORK,NY,71.8,63.7,1026.1,25.4,10,9.6,14,21,0.01
9/2/2018,NEW YORK,NY,72.5,67.9,1024.8,24.2,10,5.6,11.1,999.9,0
9/3/2018,NEW YORK,NY,78.3,75.3,1024.1,23.4,10,8.7,13,999.9,0
9/4/2018,NEW YORK,NY,83.5,73.1,1022.9,22.2,10,6.9,12,999.9,0
9/5/2018,NEW YORK,NY,79.9,75,1023.3,22.6,9.9,5.9,12,999.9,0
9/6/2018,NEW YORK,NY,80.3,77,1020.5,20.1,9.2,10.5,22.9,28,0
9/7/2018,NEW YORK,NY,74.5,72,1020.3,19.7,9.9,6.9,12,999.9,0.69
9/8/2018,NEW YORK,NY,68.8,63.2,1019.7,18.8,9.7,10.3,15.9,999.9,0.02
9/9/2018,NEW YORK,NY,61,58.1,1022.4,21.6,9.3,9.8,13,999.9,0.06
9/10/2018,NEW YORK,NY,59.6,59.1,1022.8,22,6.2,13.2,20,27,0.81
9/11/2018,NEW YORK,NY,67.6,67.3,1019.7,19,3.6,5.9,13,999.9,0.86
9/12/2018,NEW YORK,NY,74.1,73.6,1022.6,21.8,5.2,2.7,8,999.9,0.25
9/13/2018,NEW YORK,NY,72.3,71.2,1024.4,23.6,7.2,7.1,11.1,999.9,0.15
9/14/2018,NEW YORK,NY,71.4,67.4,1023.8,23.1,10,8.9,13,999.9,0.11
9/15/2018,NEW YORK,NY,71.1,66.8,1022.9,22.2,10,5.1,9.9,999.9,0
9/16/2018,NEW YORK,NY,71.6,67.7,1022.9,22.1,10,4.2,9.9,999.9,0
9/17/2018,NEW YORK,NY,71.9,70.4,1020.3,19.7,10,6.1,12,18.1,0
9/18/2018,NEW YORK,NY,74.8,73.8,1010.1,9,9,12.3,18.1,25.1,0
9/19/2018,NEW YORK,NY,73.6,69.1,1010.9,10.1,10,7.5,12,999.9,0.67
9/20/2018,NEW YORK,NY,67.8,60.9,1021.7,20.8,10,6.2,11.1,999.9,0
9/21/2018,NEW YORK,NY,69,63,1023,22.6,10,10.2,19,24.1,0
9/22/2018,NEW YORK,NY,72,62.1,1018.3,17.1,10,13.1,19,24.1,0
9/23/2018,NEW YORK,NY,63.2,56.5,1023.5,22.7,9.1,6,11.1,999.9,0
9/24/2018,NEW YORK,NY,63.4,58,1029.4,28.3,10,9.8,18.1,26,0.04
9/25/2018,NEW YORK,NY,65,62.7,1028.4,27,7.6,13.8,20,28.9,0.41
9/26/2018,NEW YORK,NY,73.4,72.9,1016.3,16.2,6.9,10.4,18.1,22.9,0.72
9/27/2018,NEW YORK,NY,68.6,59.6,1017.6,16.6,9.6,11.1,18.1,22.9,0.04
9/28/2018,NEW YORK,NY,62.4,58.9,1017.6,16.6,8.3,11.6,19,27,1.15
9/29/2018,NEW YORK,NY,64.5,57.3,1021.4,20.6,10,5.7,11.1,15.9,0.11
9/30/2018,NEW YORK,NY,63,52.4,1026.3,25.7,10,6.2,9.9,999.9,0
10/1/2018,NEW YORK,NY,68.1,64.3,1025.8,25,10,9.3,14,999.9,0
10/2/2018,NEW YORK,NY,70.2,68.3,1022.1,21.3,9.9,9.5,20,24.1,0
10/3/2018,NEW YORK,NY,70.4,64.7,1016.8,16,9.7,9.6,20,35,0.33
10/4/2018,NEW YORK,NY,67.4,64.1,1017,16.3,9.9,6.2,14,999.9,0
10/5/2018,NEW YORK,NY,67.5,60.7,1018.8,17.7,9.8,9.3,15,999.9,0.04
10/6/2018,NEW YORK,NY,64.2,59.9,1022.8,21.9,10,6.9,11.1,999.9,0
10/7/2018,NEW YORK,NY,71.4,69.2,1022.4,21.5,10,8.6,13,999.9,0
10/8/2018,NEW YORK,NY,67.3,66.6,1027.6,27.1,7.3,7.8,12,999.9,0
10/9/2018,NEW YORK,NY,69.5,68.9,1027.5,26.9,9.1,5.7,11.1,999.9,0
10/10/2018,NEW YORK,NY,70.3,70,1021.1,20,6.8,6.1,13,999.9,0
10/11/2018,NEW YORK,NY,72,71.8,1009.6,8.5,7.3,11.1,22,33,0
10/12/2018,NEW YORK,NY,63.7,55.3,1002.9,1.1,9.1,14.6,24.1,34,1.8
10/13/2018,NEW YORK,NY,52.6,40.9,1011,10.1,9.9,8.5,13,19,0.02
10/14/2018,NEW YORK,NY,52.6,41.5,1022.1,21.4,10,5.8,11.1,999.9,0.03
10/15/2018,NEW YORK,NY,59.1,55.7,1020.7,19.2,9.4,8.4,18.1,999.9,0
10/16/2018,NEW YORK,NY,56.1,43.7,1017.3,16.6,9.8,14.7,24.1,31.1,0.08
10/17/2018,NEW YORK,NY,54.8,39.2,1015.8,15.1,10,14.7,24.1,32.1,0.01
10/18/2018,NEW YORK,NY,48.1,26.4,1024.1,23.3,10,16.1,21,29.9,0
10/19/2018,NEW YORK,NY,49.7,33.6,1025,24.2,10,10.1,15.9,999.9,0
10/20/2018,NEW YORK,NY,57.7,50.1,1008.9,8.3,9.7,13.6,18.1,20,0.08
10/21/2018,NEW YORK,NY,49.4,36.6,1009.2,8.5,10,16.5,28.9,35.9,0.01
10/22/2018,NEW YORK,NY,44.4,30.6,1023.1,22.3,10,10.1,17.1,20,0
10/23/2018,NEW YORK,NY,54.2,43.6,1018.4,17.6,10,9.1,18.1,25.1,0
10/24/2018,NEW YORK,NY,51.2,35.7,1016.9,16.2,10,14.5,20,28,0
10/25/2018,NEW YORK,NY,46.9,31.9,1020.2,19.4,10,12.2,18.1,24.1,0
10/26/2018,NEW YORK,NY,43.2,32.1,1020,19.3,10,5.5,15.9,26,0
10/27/2018,NEW YORK,NY,48.3,46.3,1009.9,7.7,5.2,17.2,26,35,0.6
10/28/2018,NEW YORK,NY,50.1,45.4,1007,5.5,8.5,11.3,15.9,20,0.27
10/29/2018,NEW YORK,NY,53.2,45.2,1008.6,7.5,9.9,12.1,19,24.1,0.06
10/30/2018,NEW YORK,NY,50.1,34.1,1016.4,15.6,10,12.7,20,26,0.01
10/31/2018,NEW YORK,NY,50.9,40.9,1019.1,18.3,10,7.7,21,999.9,0
11/1/2018,NEW YORK,NY,58.5,55,1012.5,11.7,10,7.5,14,999.9,0
11/2/2018,NEW YORK,NY,62.9,62.2,1007.5,6.5,7.2,17.9,22,28,0
11/3/2018,NEW YORK,NY,59.2,52.5,1009,5.9,6.7,16.4,28.9,36.9,0.3
11/4/2018,NEW YORK,NY,49.8,34.6,1030.5,29.7,10,7.8,14,17.1,0.24
11/5/2018,NEW YORK,NY,49,45.8,1029.4,28.3,9.5,9.3,15.9,22.9,0
11/6/2018,NEW YORK,NY,53.5,53.5,1014.7,14.2,3.1,7.9,20,28.9,0.28
11/7/2018,NEW YORK,NY,57,48.7,1013.8,13,10,12.1,15.9,21,0.48
11/8/2018,NEW YORK,NY,53.1,35.9,1021.9,21.2,10,9.7,15,21,0
11/9/2018,NEW YORK,NY,46.7,37.1,1025,24.2,9.7,9.4,14,20,0
11/10/2018,NEW YORK,NY,47.1,37.4,1013.7,11.9,9,14.5,24.1,32.1,0.87
11/11/2018,NEW YORK,NY,39.5,22,1026.2,25.5,10,10.9,15.9,22.9,0.01
11/12/2018,NEW YORK,NY,40.7,29.9,1029.7,28.9,10,3.4,7,999.9,0
11/13/2018,NEW YORK,NY,48.3,45.1,1019.2,17,6.4,9,22,26,0.68
11/14/2018,NEW YORK,NY,40.1,21.9,1025.5,24.7,10,16.5,22.9,31.1,0.52
11/15/2018,NEW YORK,NY,32.6,19.3,1033.7,32.4,8.1,10.1,15,999.9,0
11/16/2018,NEW YORK,NY,40.1,36.4,1006.5,6,7.4,19.3,28.9,39,1.03
11/17/2018,NEW YORK,NY,42.9,32.3,1018.8,18.1,10,13.7,19,22,0.02
11/18/2018,NEW YORK,NY,42.3,29.2,1027.1,26.3,10,7.2,14,999.9,0
11/19/2018,NEW YORK,NY,44.3,39.9,1019.8,20.1,8.6,3.8,8,999.9,0
11/20/2018,NEW YORK,NY,45.9,40.7,1013,12,8.2,7.8,18.1,25.1,0
11/21/2018,NEW YORK,NY,41.1,27.1,1017.7,16.9,10,13.7,24.1,32.1,0.01
11/22/2018,NEW YORK,NY,26.8,5.8,1027.5,26.7,10,18.3,26,29.9,0
11/23/2018,NEW YORK,NY,22.1,4.4,1035.6,34.8,10,8.4,15.9,999.9,0
11/24/2018,NEW YORK,NY,36.3,26.3,1023.3,22.6,10,6,12,999.9,0
11/25/2018,NEW YORK,NY,50,45.4,1009.2,7,7.7,13.9,29.9,40,2.42
11/26/2018,NEW YORK,NY,48.3,43.2,1011.3,9.3,9.1,7.9,22,28.9,1.22
11/27/2018,NEW YORK,NY,44.4,38.2,996.2,995.4,9.2,15.8,24.1,32.1,1.17
11/28/2018,NEW YORK,NY,38.8,26.5,998.7,998,10,18.3,26,33,0
11/29/2018,NEW YORK,NY,42.2,27.9,1009.7,9,10,18.1,26,35,0
11/30/2018,NEW YORK,NY,39.1,29.5,1017.3,16.5,10,6,14,999.9,0
12/1/2018,NEW YORK,NY,40.5,34.8,1021.8,20.8,9.8,3.6,8,999.9,0.02
12/2/2018,NEW YORK,NY,48,47.4,1015,11.3,3.4,7.7,15.9,999.9,0.49
12/3/2018,NEW YORK,NY,52.8,47.1,1004.1,2.7,6.3,9.4,19,25.1,0.44
12/4/2018,NEW YORK,NY,41.5,26.1,1011.3,10.5,10,15.2,21,27,0
12/5/2018,NEW YORK,NY,32.1,18.3,1018.6,17.9,10,7.6,13,999.9,0
12/6/2018,NEW YORK,NY,34.7,21,1021.5,20.7,10,10.7,18.1,22.9,0
12/7/2018,NEW YORK,NY,37.4,21.1,1024.9,24.2,10,14.1,20,31.1,0
12/8/2018,NEW YORK,NY,30.2,13.9,1031.9,31.2,10,10.5,15.9,21,0
12/9/2018,NEW YORK,NY,31.2,19.2,1031.6,30.8,10,4.5,9.9,999.9,0
12/10/2018,NEW YORK,NY,33.3,20.1,1020.8,20,10,8.2,15,19,0
12/11/2018,NEW YORK,NY,33,23.5,1020.4,19.7,10,5.1,8.9,999.9,0
12/12/2018,NEW YORK,NY,36.2,23.8,1018.1,17.3,10,11.6,15.9,19,0
12/13/2018,NEW YORK,NY,35,27.5,1027.9,27.3,9.6,8.2,12,999.9,0
12/14/2018,NEW YORK,NY,45.1,42.2,1031.2,30.4,10,7.1,11.1,999.9,0.09
12/15/2018,NEW YORK,NY,49.1,48,1022.2,21.6,6.7,6,14,999.9,0.26
12/16/2018,NEW YORK,NY,43.9,40.4,1016.8,15.1,6.7,15.4,24.1,32.1,0.3
12/17/2018,NEW YORK,NY,41.3,35,1007.3,6.6,9.2,15,25.1,36.9,0.86
12/18/2018,NEW YORK,NY,36.7,18.4,1013.5,12.7,10,19.6,25.1,36.9,0
12/19/2018,NEW YORK,NY,31.7,18.5,1021.2,20.4,10,9.2,17.1,22.9,0
12/20/2018,NEW YORK,NY,38.4,34.2,1020.1,18.9,9.6,4.5,8.9,999.9,0
12/21/2018,NEW YORK,NY,53.2,53.1,1000.6,1.3,3.7,15.3,27,35,0.88
12/22/2018,NEW YORK,NY,48,42.4,997.1,995.2,8.8,17.8,25.1,35,1.15
12/23/2018,NEW YORK,NY,40.3,25.8,1017.9,17.1,10,12.2,24.1,33,0.02
12/24/2018,NEW YORK,NY,39.4,32.8,1018.4,17.5,8.3,6.3,17.1,22.9,0.08
12/25/2018,NEW YORK,NY,37.5,24,1023.2,22.5,10,11.7,17.1,24.1,0.07
12/26/2018,NEW YORK,NY,36.8,22.4,1030.4,29.6,10,9.7,15,999.9,0
12/27/2018,NEW YORK,NY,40,29,1034.7,34,10,7.9,12,999.9,0
12/28/2018,NEW YORK,NY,46.4,44.1,1025.5,23.4,5.7,12.1,24.1,33,0.09
12/29/2018,NEW YORK,NY,50.3,43.3,1015.5,13.1,7,12.2,22,28.9,0.89
12/30/2018,NEW YORK,NY,37.4,27.2,1023.1,22.2,10,7.2,15.9,999.9,0
12/31/2018,NEW YORK,NY,36.9,34.3,1026.2,25.5,9.7,5.2,12,999.9,0
